market,district,state,lat,lon,source
A lot,ratlam,Madhya Pradesh,22.97,78.65,interstate_state_centroid
AJattihalli(Uzhavar Sandhai ),dharmapuri,Tamil Nadu,11.12,78.65,interstate_state_centroid
Aarah,bhojpur,Bihar,25.09,85.31,interstate_state_centroid
Abohar,fazilka,Punjab,31.14,75.34,interstate_state_centroid
Abu Road,sirohi,Rajasthan,27.02,74.21,interstate_state_centroid
Achalda,auraiya,Uttar Pradesh,26.84,80.94,interstate_state_centroid
Achalpur,amarawati,Maharashtra,19.75,75.71,interstate_state_centroid
Achnera,agra,Uttar Pradesh,26.84,80.94,interstate_state_centroid
Adilabad(Rythu Bazar),adilabad,Andhra Pradesh,15.91,79.74,interstate_state_centroid
Adimali,idukki,Kerala,10.85,76.27,interstate_state_centroid
Agar,shajapur,Madhya Pradesh,22.97,78.65,interstate_state_centroid
Agra,agra,Uttar Pradesh,26.84,80.94,interstate_state_centroid
Ahirora,mirzapur,Uttar Pradesh,26.84,80.94,interstate_state_centroid
Ahmedabad,ahmedabad,Gujarat,22.25,71.19,interstate_state_centroid
Ahmedabad(Chimanbhai Patal Market Vasana),ahmedabad,Gujarat,22.25,71.19,interstate_state_centroid
Ahmedgarh,sangrur,Punjab,31.14,75.34,interstate_state_centroid
Ahmednagar,ahmednagar,Maharashtra,19.75,75.71,interstate_state_centroid
Ahmedpur,latur,Maharashtra,19.75,75.71,interstate_state_centroid
Aiginia Mandi,khurda,Orissa,20.95,85.09,interstate_state_centroid
Ajaygarh,panna,Madhya Pradesh,22.97,78.65,interstate_state_centroid
Ajmer(F&V),ajmer,Rajasthan,27.02,74.21,interstate_state_centroid
Ajnala,amritsar,Punjab,31.14,75.34,interstate_state_centroid
Ajuha,prayagraj,Uttar Pradesh,26.84,80.94,interstate_state_centroid
Akbarpur,ambedkarnagar,Uttar Pradesh,26.84,80.94,interstate_state_centroid
Akhadabalapur,hingoli,Maharashtra,19.75,75.71,interstate_state_centroid
Akhnoor,jammu,Jammu & Kashmir,33.77,76.57,interstate_state_centroid
Akkalkot,sholapur,Maharashtra,19.75,75.71,interstate_state_centroid
Akluj,sholapur,Maharashtra,19.75,75.71,interstate_state_centroid
Akodiya,shajapur,Madhya Pradesh,22.97,78.65,interstate_state_centroid
Akodiya(F&V),shajapur,Madhya Pradesh,22.97,78.65,interstate_state_centroid
Akola,akola,Maharashtra,19.75,75.71,interstate_state_centroid
Akole,ahmednagar,Maharashtra,19.75,75.71,interstate_state_centroid
Akot,akola,Maharashtra,19.75,75.71,interstate_state_centroid
Alampur,bhind,Madhya Pradesh,22.97,78.65,interstate_state_centroid
Alappuzha,alappuzha,Kerala,10.85,76.27,interstate_state_centroid
Alibagh,raigad,Maharashtra,19.75,75.71,interstate_state_centroid
Aliganj,etah,Uttar Pradesh,26.84,80.94,interstate_state_centroid
Aligarh,aligarh,Uttar Pradesh,26.84,80.94,interstate_state_centroid
Alipurduar,alipurduar,West Bengal,22.98,87.85,interstate_state_centroid
Alirajpur,alirajpur,Madhya Pradesh,22.97,78.65,interstate_state_centroid
Alirajpur(F&V),alirajpur,Madhya Pradesh,22.97,78.65,interstate_state_centroid
Allahabad,prayagraj,Uttar Pradesh,26.84,80.94,interstate_state_centroid
Alot(F&V),ratlam,Madhya Pradesh,22.97,78.65,interstate_state_centroid
Aluva,ernakulam,Kerala,10.85,76.27,interstate_state_centroid
Alwar,alwar,Rajasthan,27.02,74.21,interstate_state_centroid
Alwar (F&V),alwar,Rajasthan,27.02,74.21,interstate_state_centroid
Amadula,janjgir,Chhattisgarh,21.27,81.86,interstate_state_centroid
Amalner,jalgaon,Maharashtra,19.75,75.71,interstate_state_centroid
Amarawati,amarawati,Maharashtra,19.75,75.71,interstate_state_centroid
Amarpatan,satna,Madhya Pradesh,22.97,78.65,interstate_state_centroid
Amarwda,chhindwara,Madhya Pradesh,22.97,78.65,interstate_state_centroid
Amba,aurangabad,Maharashtra,19.75,75.71,interstate_state_centroid
Ambaha,morena,Madhya Pradesh,22.97,78.65,interstate_state_centroid
Ambala Cantt.,ambala,Haryana,29.05,76.08,interstate_state_centroid
Ambala City,ambala,Haryana,29.05,76.08,interstate_state_centroid
Ambala City(Subji Mandi),ambala,Haryana,29.05,76.08,interstate_state_centroid
Ambasamudram,thirunelveli,Tamil Nadu,11.12,78.65,interstate_state_centroid
Ambasamudram(Uzhavar Sandhai ),thirunelveli,Tamil Nadu,11.12,78.65,interstate_state_centroid
Ammapet(Uzhavar Sandhai ),salem,Tamil Nadu,11.12,78.65,interstate_state_centroid
Amod,bharuch,Gujarat,22.25,71.19,interstate_state_centroid
Amrawati(Frui & Veg. Market),amarawati,Maharashtra,19.75,75.71,interstate_state_centroid
Amreli,amreli,Gujarat,22.25,71.19,interstate_state_centroid
Amritsar(Amritsar Mewa Mandi),amritsar,Punjab,31.14,75.34,interstate_state_centroid
Amroha,amroha,Uttar Pradesh,26.84,80.94,interstate_state_centroid
Anaiyur(Uzhavar Sandhai ),madurai,Tamil Nadu,11.12,78.65,interstate_state_centroid
Anajngaon,amarawati,Maharashtra,19.75,75.71,interstate_state_centroid
"Anand(Veg,Yard,Anand)",anand,Gujarat,22.25,71.19,interstate_state_centroid
Anandnagar,maharajganj,Uttar Pradesh,26.84,80.94,interstate_state_centroid
Anchal,kollam,Kerala,10.85,76.27,interstate_state_centroid
Andipatti(Uzhavar Sandhai ),theni,Tamil Nadu,11.12,78.65,interstate_state_centroid
Angamaly,ernakulam,Kerala,10.85,76.27,interstate_state_centroid
Angaura,angul,Orissa,20.95,85.09,interstate_state_centroid
Angul,angul,Orissa,20.95,85.09,interstate_state_centroid
Angul(Atthamallick),angul,Orissa,20.95,85.09,interstate_state_centroid
Angul(Jarapada),angul,Orissa,20.95,85.09,interstate_state_centroid
Ankleshwar,bharuch,Gujarat,22.25,71.19,interstate_state_centroid
Anna nagar(Uzhavar Sandhai ),madurai,Tamil Nadu,11.12,78.65,interstate_state_centroid
Annigeri,dharwad,Karnataka,15.4260116,75.4333351,market
Anoop Shahar,bulandshahar,Uttar Pradesh,26.84,80.94,interstate_state_centroid
Anta,baran,Rajasthan,27.02,74.21,interstate_state_centroid
Anuppur,anupur,Madhya Pradesh,22.97,78.65,interstate_state_centroid
Anwala,bareilly,Uttar Pradesh,26.84,80.94,interstate_state_centroid
Anyara(EEC),thiruvananthapuram,Kerala,10.85,76.27,interstate_state_centroid
Arakalgud,hassan,Karnataka,12.7628914,76.062849,market
Aralamoodu,thiruvananthapuram,Kerala,10.85,76.27,interstate_state_centroid
Arasikere,hassan,Karnataka,13.3159809,76.256849,market
Arcot,vellore,Tamil Nadu,11.12,78.65,interstate_state_centroid
Arcot(Uzhavar Sandhai ),ranipet,Tamil Nadu,11.12,78.65,interstate_state_centroid
Aron,guna,Madhya Pradesh,22.97,78.65,interstate_state_centroid
Aroor,alappuzha,Kerala,10.85,76.27,interstate_state_centroid
Aruppukottai(Uzhavar Sandhai ),virudhunagar,Tamil Nadu,11.12,78.65,interstate_state_centroid
Arur,dharmapuri,Tamil Nadu,11.12,78.65,interstate_state_centroid
Asansol,paschim bardhaman,West Bengal,22.98,87.85,interstate_state_centroid
Ashahipora (Anantnagh),anantnag,Jammu & Kashmir,33.77,76.57,interstate_state_centroid
Ashti(Karanja),wardha,Maharashtra,19.75,75.71,interstate_state_centroid
Asifabad,adilabad,Andhra Pradesh,15.91,79.74,interstate_state_centroid
Atarra,banda,Uttar Pradesh,26.84,80.94,interstate_state_centroid
Athani,belgaum,Karnataka,16.7278248,75.0600745,market
Athirampuzha,kottayam,Kerala,10.85,76.27,interstate_state_centroid
Athur(Uzhavar Sandhai ),salem,Tamil Nadu,11.12,78.65,interstate_state_centroid
Atrauli,aligarh,Uttar Pradesh,26.84,80.94,interstate_state_centroid
Atru,baran,Rajasthan,27.02,74.21,interstate_state_centroid
Attabira,bargarh,Orissa,20.95,85.09,interstate_state_centroid
Attayampatti(Uzhavar Sandhai ),salem,Tamil Nadu,11.12,78.65,interstate_state_centroid
Attingal,thiruvananthapuram,Kerala,10.85,76.27,interstate_state_centroid
Attur,salem,Tamil Nadu,11.12,78.65,interstate_state_centroid
Aurad Shahajani,latur,Maharashtra,19.75,75.71,interstate_state_centroid
Auraiya,auraiya,Uttar Pradesh,26.84,80.94,interstate_state_centroid
Aurangabad,aurangabad,Maharashtra,19.75,75.71,interstate_state_centroid
Ausa,latur,Maharashtra,19.75,75.71,interstate_state_centroid
Avallapalli(Uzhavar Sandhai ),krishnagiri,Tamil Nadu,11.12,78.65,interstate_state_centroid
Awagarh,etah,Uttar Pradesh,26.84,80.94,interstate_state_centroid
Azadpur,delhi,Delhi,28.7,77.1,interstate_state_centroid
Azamgarh,azamgarh,Uttar Pradesh,26.84,80.94,interstate_state_centroid
Babai,hoshangabad,Madhya Pradesh,22.97,78.65,interstate_state_centroid
Babain,kurukshetra,Haryana,29.05,76.08,interstate_state_centroid
Baberu,banda,Uttar Pradesh,26.84,80.94,interstate_state_centroid
Babrala,badaun,Uttar Pradesh,26.84,80.94,interstate_state_centroid
Badamalhera,chhatarpur,Madhya Pradesh,22.97,78.65,interstate_state_centroid
Badarwas,shivpuri,Madhya Pradesh,22.97,78.65,interstate_state_centroid
Badayoun,badaun,Uttar Pradesh,26.84,80.94,interstate_state_centroid
Badda,shahjahanpur,Uttar Pradesh,26.84,80.94,interstate_state_centroid
Badnagar,ujjain,Madhya Pradesh,22.97,78.65,interstate_state_centroid
Badnawar,dhar,Madhya Pradesh,22.97,78.65,interstate_state_centroid
Badnawar(F&V),dhar,Madhya Pradesh,22.97,78.65,interstate_state_centroid
Badod,shajapur,Madhya Pradesh,22.97,78.65,interstate_state_centroid
Badwah(F&V),khandwa,Madhya Pradesh,22.97,78.65,interstate_state_centroid
Badwaha,khargone,Madhya Pradesh,22.97,78.65,interstate_state_centroid
Bagalakot,bagalkot,Karnataka,16.8084044,75.7175058,district_fallback
Bagalkot(Bilagi),bagalkot,Karnataka,16.1734274,75.659552,market
Bagasara,amreli,Gujarat,22.25,71.19,interstate_state_centroid
Bagepalli,chikmagalur,Karnataka,13.7836611,77.7972379,market
Baghapurana,moga,Punjab,31.14,75.34,interstate_state_centroid
Baghmara,south garo hills,Meghalaya,25.46,91.36,interstate_state_centroid
Baghty,wokha,Nagaland,26.15,94.56,interstate_state_centroid
Bagli,dewas,Madhya Pradesh,22.97,78.65,interstate_state_centroid
Bagpat,baghpat,Uttar Pradesh,26.84,80.94,interstate_state_centroid
Bahadajholla,nayagarh,Orissa,20.95,85.09,interstate_state_centroid
Bahadurganj,kishanganj,Bihar,25.09,85.31,interstate_state_centroid
Bahadurpur (Ekmi Ghat),darbhanga,Bihar,25.09,85.31,interstate_state_centroid
Bahedi,bareilly,Uttar Pradesh,26.84,80.94,interstate_state_centroid
Bahraich,bahraich,Uttar Pradesh,26.84,80.94,interstate_state_centroid
Baikunthpur,rewa,Madhya Pradesh,22.97,78.65,interstate_state_centroid
Bakswaha,chhatarpur,Madhya Pradesh,22.97,78.65,interstate_state_centroid
Balachaur,nawanshahr,Punjab,31.14,75.34,interstate_state_centroid
Balaghat,balaghat,Madhya Pradesh,22.97,78.65,interstate_state_centroid
Balapur,akola,Maharashtra,19.75,75.71,interstate_state_centroid
Balarampur,puruliya,West Bengal,22.98,87.85,interstate_state_centroid
Balarampuram,thiruvananthapuram,Kerala,10.85,76.27,interstate_state_centroid
Ballabhgarh,faridabad,Haryana,29.05,76.08,interstate_state_centroid
Ballia,ballia,Uttar Pradesh,26.84,80.94,interstate_state_centroid
Balrampur,balrampur,Uttar Pradesh,26.84,80.94,interstate_state_centroid
Balugaon,khurda,Orissa,20.95,85.09,interstate_state_centroid
Bamora,sagar,Madhya Pradesh,22.97,78.65,interstate_state_centroid
Banapura,hoshangabad,Madhya Pradesh,22.97,78.65,interstate_state_centroid
Banda,banda,Uttar Pradesh,26.84,80.94,interstate_state_centroid
Banda,sagar,Madhya Pradesh,22.97,78.65,interstate_state_centroid
Bandhabazar,rajnandgaon,Chhattisgarh,21.27,81.86,interstate_state_centroid
Bandikui,dausa,Rajasthan,27.02,74.21,interstate_state_centroid
Bandikui(Geejgarh),dausa,Rajasthan,27.02,74.21,interstate_state_centroid
Bandrol,kullu,Himachal Pradesh,31.1,77.17,interstate_state_centroid
Banga,nawanshahr,Punjab,31.14,75.34,interstate_state_centroid
Bangalore,bangalore,Karnataka,12.9767936,77.590082,market
Bangarmau,unnao,Uttar Pradesh,26.84,80.94,interstate_state_centroid
Bangarpet,kolar,Karnataka,12.98822,78.1812561,market
Bankhedi,hoshangabad,Madhya Pradesh,22.97,78.65,interstate_state_centroid
Banki,cuttack,Orissa,20.95,85.09,interstate_state_centroid
Bankura Sadar,bankura,West Bengal,22.98,87.85,interstate_state_centroid
Banmorkalan,morena,Madhya Pradesh,22.97,78.65,interstate_state_centroid
Banthara,lucknow,Uttar Pradesh,26.84,80.94,interstate_state_centroid
Bara Bazar (Posta Bazar),kolkata,West Bengal,22.98,87.85,interstate_state_centroid
Barabanki,barabanki,Uttar Pradesh,26.84,80.94,interstate_state_centroid
Barad,shivpuri,Madhya Pradesh,22.97,78.65,interstate_state_centroid
Barahat,banka,Bihar,25.09,85.31,interstate_state_centroid
Baramati,pune,Maharashtra,19.75,75.71,interstate_state_centroid
Baran,baran,Rajasthan,27.02,74.21,interstate_state_centroid
Barara,ambala,Haryana,29.05,76.08,interstate_state_centroid
Barasat,north 24 parganas,West Bengal,22.98,87.85,interstate_state_centroid
Baraut,baghpat,Uttar Pradesh,26.84,80.94,interstate_state_centroid
Barbigha,sheikhpura,Bihar,25.09,85.31,interstate_state_centroid
Bareilly,bareilly,Uttar Pradesh,26.84,80.94,interstate_state_centroid
Bareli,raisen,Madhya Pradesh,22.97,78.65,interstate_state_centroid
Bargarh,bargarh,Orissa,20.95,85.09,interstate_state_centroid
Bargarh(Barapalli),bargarh,Orissa,20.95,85.09,interstate_state_centroid
Barghat,seoni,Madhya Pradesh,22.97,78.65,interstate_state_centroid
Barhaj,deoria,Uttar Pradesh,26.84,80.94,interstate_state_centroid
Bariwala,muktsar,Punjab,31.14,75.34,interstate_state_centroid
Bariya,balrampur,Uttar Pradesh,26.84,80.94,interstate_state_centroid
Barnala,barnala,Punjab,31.14,75.34,interstate_state_centroid
Barodamev,alwar,Rajasthan,27.02,74.21,interstate_state_centroid
Barshi,sholapur,Maharashtra,19.75,75.71,interstate_state_centroid
Barshi(Vairag),sholapur,Maharashtra,19.75,75.71,interstate_state_centroid
Barwala,panchkula,Haryana,29.05,76.08,interstate_state_centroid
Basana,mahasamund,Chhattisgarh,21.27,81.86,interstate_state_centroid
Basava Kalayana,bidar,Karnataka,17.8426595,76.9433043,market
Basti,basti,Uttar Pradesh,26.84,80.94,interstate_state_centroid
Batala,gurdaspur,Punjab,31.14,75.34,interstate_state_centroid
Batote,jammu,Jammu & Kashmir,33.77,76.57,interstate_state_centroid
Bavla,ahmedabad,Gujarat,22.25,71.19,interstate_state_centroid
Bayana,bharatpur,Rajasthan,27.02,74.21,interstate_state_centroid
Bazar Atriya,rajnandgaon,Chhattisgarh,21.27,81.86,interstate_state_centroid
Beed,beed,Maharashtra,19.75,75.71,interstate_state_centroid
Begamganj,raisen,Madhya Pradesh,22.97,78.65,interstate_state_centroid
Begu,chittorgarh,Rajasthan,27.02,74.21,interstate_state_centroid
Belacoba,jalpaiguri,West Bengal,22.98,87.85,interstate_state_centroid
Beldanga,murshidabad,West Bengal,22.98,87.85,interstate_state_centroid
Belgaum,belgaum,Karnataka,15.8583942,74.5241576,market
Bellary,bellary,Karnataka,15.1622026,76.8815329,market
Belur,hassan,Karnataka,13.1645671,75.8634851,market
Berachha,shajapur,Madhya Pradesh,22.97,78.65,interstate_state_centroid
Berasia,bhopal,Madhya Pradesh,22.97,78.65,interstate_state_centroid
Bethuadahari,nadia,West Bengal,22.98,87.85,interstate_state_centroid
Betul,betul,Madhya Pradesh,22.97,78.65,interstate_state_centroid
Bewar,mainpuri,Uttar Pradesh,26.84,80.94,interstate_state_centroid
Bhadara,hanumangarh,Rajasthan,27.02,74.21,interstate_state_centroid
Bhadrak,bhadrak,Orissa,20.95,85.09,interstate_state_centroid
Bhadravathi,shimoga,Karnataka,13.8502075,75.7037863,market
Bhagat Ki Kothi,jodhpur,Rajasthan,27.02,74.21,interstate_state_centroid
Bhagwanpur Mandi,muzaffarpur,Bihar,25.09,85.31,interstate_state_centroid
Bhainsa,adilabad,Andhra Pradesh,15.91,79.74,interstate_state_centroid
Bhandara,bhandara,Maharashtra,19.75,75.71,interstate_state_centroid
Bhander,datia,Madhya Pradesh,22.97,78.65,interstate_state_centroid
Bhanjanagar,ganjam,Orissa,20.95,85.09,interstate_state_centroid
Bhanpura,mandsaur,Madhya Pradesh,22.97,78.65,interstate_state_centroid
Bharatpur,bharatpur,Rajasthan,27.02,74.21,interstate_state_centroid
Bharthna,etawah,Uttar Pradesh,26.84,80.94,interstate_state_centroid
Bharuasumerpur,hamirpur,Himachal Pradesh,31.1,77.17,interstate_state_centroid
Bharuch,bharuch,Gujarat,22.25,71.19,interstate_state_centroid
Bharwari,kaushambi,Uttar Pradesh,26.84,80.94,interstate_state_centroid
Bhavnagar,bhavnagar,Gujarat,22.25,71.19,interstate_state_centroid
Bhawani Mandi,jhalawar,Rajasthan,27.02,74.21,interstate_state_centroid
Bhawanigarh,sangrur,Punjab,31.14,75.34,interstate_state_centroid
Bhawanipatna,kalahandi,Orissa,20.95,85.09,interstate_state_centroid
Bhehjoi,sambhal,Uttar Pradesh,26.84,80.94,interstate_state_centroid
Bhensdehi,betul,Madhya Pradesh,22.97,78.65,interstate_state_centroid
Bhikangaon,khargone,Madhya Pradesh,22.97,78.65,interstate_state_centroid
Bhiloda,sabarkantha,Gujarat,22.25,71.19,interstate_state_centroid
Bhilwara,bhilwara,Rajasthan,27.02,74.21,interstate_state_centroid
Bhind,bhind,Madhya Pradesh,22.97,78.65,interstate_state_centroid
Bhinga,shravasti,Uttar Pradesh,26.84,80.94,interstate_state_centroid
Bhinmal,jalore,Rajasthan,27.02,74.21,interstate_state_centroid
Bhitarwar,gwalior,Madhya Pradesh,22.97,78.65,interstate_state_centroid
Bhivandi,thane,Maharashtra,19.75,75.71,interstate_state_centroid
Bhiwani,bhiwani,Haryana,29.05,76.08,interstate_state_centroid
Bhogpur,jalandhar,Punjab,31.14,75.34,interstate_state_centroid
Bhokar,nanded,Maharashtra,19.75,75.71,interstate_state_centroid
Bhopal,bhopal,Madhya Pradesh,22.97,78.65,interstate_state_centroid
Bhopal(F&V),bhopal,Madhya Pradesh,22.97,78.65,interstate_state_centroid
Bhulath,kapurthala,Punjab,31.14,75.34,interstate_state_centroid
Bhulath (Nadala),kapurthala,Punjab,31.14,75.34,interstate_state_centroid
Bhuna,fatehabad,Haryana,29.05,76.08,interstate_state_centroid
Bhuntar,kullu,Himachal Pradesh,31.1,77.17,interstate_state_centroid
Bhusaval,jalgaon,Maharashtra,19.75,75.71,interstate_state_centroid
Biaora,rajgarh,Madhya Pradesh,22.97,78.65,interstate_state_centroid
Bichhiya,mandla,Madhya Pradesh,22.97,78.65,interstate_state_centroid
Bidar,bidar,Karnataka,17.9149369,77.4880494,market
Bihta,patna,Bihar,25.09,85.31,interstate_state_centroid
Bijapur,bijapur,Karnataka,16.8269911,75.7175387,market
Bijawar,chhatarpur,Madhya Pradesh,22.97,78.65,interstate_state_centroid
Bijnaur,bijnor,Uttar Pradesh,26.84,80.94,interstate_state_centroid
Bijolia,bhilwara,Rajasthan,27.02,74.21,interstate_state_centroid
Bikaner (F&V),bikaner,Rajasthan,27.02,74.21,interstate_state_centroid
Bikaner (Grain),bikaner,Rajasthan,27.02,74.21,interstate_state_centroid
Bilasipara,dhubri,Assam,26.2,92.93,interstate_state_centroid
Bilaspur,bilaspur,Chhattisgarh,21.27,81.86,interstate_state_centroid
Bilga,jalandhar,Punjab,31.14,75.34,interstate_state_centroid
Bilga (Talwan ),jalandhar,Punjab,31.14,75.34,interstate_state_centroid
Bilha,bilaspur,Chhattisgarh,21.27,81.86,interstate_state_centroid
Bilimora,navsari,Gujarat,22.25,71.19,interstate_state_centroid
Bilsi,badaun,Uttar Pradesh,26.84,80.94,interstate_state_centroid
Bina,sagar,Madhya Pradesh,22.97,78.65,interstate_state_centroid
Binaganj,guna,Madhya Pradesh,22.97,78.65,interstate_state_centroid
Bindki,fatehpur,Uttar Pradesh,26.84,80.94,interstate_state_centroid
Bindukuri,sonitpur,Assam,26.2,92.93,interstate_state_centroid
"Binny Mill (F&V), Bangalore",bangalore,Karnataka,12.970623,77.5662423,market
Birbhum,birbhum,West Bengal,22.98,87.85,interstate_state_centroid
Birpur,supaul,Bihar,25.09,85.31,interstate_state_centroid
Bishenpur,bishnupur,Manipur,24.66,93.9,interstate_state_centroid
Bishnupur(Bankura),bankura,West Bengal,22.98,87.85,interstate_state_centroid
Bodinayakanur(Uzhavar Sandhai ),theni,Tamil Nadu,11.12,78.65,interstate_state_centroid
Bodinayakkanur,theni,Tamil Nadu,11.12,78.65,interstate_state_centroid
Bolpur,birbhum,West Bengal,22.98,87.85,interstate_state_centroid
Bori,parbhani,Maharashtra,19.75,75.71,interstate_state_centroid
Borsad,anand,Gujarat,22.25,71.19,interstate_state_centroid
Bowenpally,hyderabad,Andhra Pradesh,15.91,79.74,interstate_state_centroid
Brahmpur,buxar,Bihar,25.09,85.31,interstate_state_centroid
Broadway market,ernakulam,Kerala,10.85,76.27,interstate_state_centroid
Buland Shahr,bulandshahar,Uttar Pradesh,26.84,80.94,interstate_state_centroid
Bundi,bundi,Rajasthan,27.02,74.21,interstate_state_centroid
Burhanpur,burhanpur,Madhya Pradesh,22.97,78.65,interstate_state_centroid
Buxur,buxar,Bihar,25.09,85.31,interstate_state_centroid
Ch. Dadri,bhiwani,Haryana,29.05,76.08,interstate_state_centroid
Chaakghat,rewa,Madhya Pradesh,22.97,78.65,interstate_state_centroid
Chaandpur,bijnor,Uttar Pradesh,26.84,80.94,interstate_state_centroid
Chail Chowk,mandi,Himachal Pradesh,31.1,77.17,interstate_state_centroid
Chakdah,nadia,West Bengal,22.98,87.85,interstate_state_centroid
Chakur,latur,Maharashtra,19.75,75.71,interstate_state_centroid
Chala,thiruvananthapuram,Kerala,10.85,76.27,interstate_state_centroid
Chalisgaon,jalgaon,Maharashtra,19.75,75.71,interstate_state_centroid
Chamba,chamba,Himachal Pradesh,31.1,77.17,interstate_state_centroid
Champa,janjgir,Chhattisgarh,21.27,81.86,interstate_state_centroid
Champadanga,hooghly,West Bengal,22.98,87.85,interstate_state_centroid
Champua,keonjhar,Orissa,20.95,85.09,interstate_state_centroid
Chandabali,bhadrak,Orissa,20.95,85.09,interstate_state_centroid
Chandausi,sambhal,Uttar Pradesh,26.84,80.94,interstate_state_centroid
Chandigarh(Grain/Fruit),chandigarh,Chandigarh,30.73,76.77,interstate_state_centroid
Chandoli,chandauli,Uttar Pradesh,26.84,80.94,interstate_state_centroid
Chandrapur,chandrapur,Maharashtra,19.75,75.71,interstate_state_centroid
Chandrapur(Ganjwad),chandrapur,Maharashtra,19.75,75.71,interstate_state_centroid
Chandur Bazar,amarawati,Maharashtra,19.75,75.71,interstate_state_centroid
Chandur Railway,amarawati,Maharashtra,19.75,75.71,interstate_state_centroid
Chandvad,nashik,Maharashtra,19.75,75.71,interstate_state_centroid
Channapatana,bangalore,Karnataka,13.0222347,77.5671832,district_fallback
Channarayapatna,hassan,Karnataka,12.8924577,76.3938858,market
Charama,kanker,Chhattisgarh,21.27,81.86,interstate_state_centroid
Charkhari,mahoba,Uttar Pradesh,26.84,80.94,interstate_state_centroid
Charra,aligarh,Uttar Pradesh,26.84,80.94,interstate_state_centroid
Chathanoor,kollam,Kerala,10.85,76.27,interstate_state_centroid
Chatta Krushak Bazar,kendrapara,Orissa,20.95,85.09,interstate_state_centroid
Chaurai,chhindwara,Madhya Pradesh,22.97,78.65,interstate_state_centroid
Cheeka,kaithal,Haryana,29.05,76.08,interstate_state_centroid
Chengalpattu,kancheepuram,Tamil Nadu,11.12,78.65,interstate_state_centroid
Chengannur,alappuzha,Kerala,10.85,76.27,interstate_state_centroid
Cherthala,alappuzha,Kerala,10.85,76.27,interstate_state_centroid
Chhabra,baran,Rajasthan,27.02,74.21,interstate_state_centroid
Chhachrauli,yamuna nagar,Haryana,29.05,76.08,interstate_state_centroid
Chhapiheda,rajgarh,Madhya Pradesh,22.97,78.65,interstate_state_centroid
Chhatarpur,chhatarpur,Madhya Pradesh,22.97,78.65,interstate_state_centroid
Chhindwara,chhindwara,Madhya Pradesh,22.97,78.65,interstate_state_centroid
Chhindwara(F&V),chhindwara,Madhya Pradesh,22.97,78.65,interstate_state_centroid
Chhpara,seoni,Madhya Pradesh,22.97,78.65,interstate_state_centroid
Chickkaballapura,kolar,Karnataka,13.1805066,78.2669329,district_fallback
Chidambaram,cuddalore,Tamil Nadu,11.12,78.65,interstate_state_centroid
Chidambaram(Uzhavar Sandhai ),cuddalore,Tamil Nadu,11.12,78.65,interstate_state_centroid
Chikkamagalore,chikmagalur,Karnataka,13.3245255,75.7722995,district_fallback
Chindwara(F&V),chhindwara,Madhya Pradesh,22.97,78.65,interstate_state_centroid
Chinnalapatti(Uzhavar Sandhai ),dindigul,Tamil Nadu,11.12,78.65,interstate_state_centroid
Chinnamanur,theni,Tamil Nadu,11.12,78.65,interstate_state_centroid
Chinnamanur(Uzhavar Sandhai ),theni,Tamil Nadu,11.12,78.65,interstate_state_centroid
Chintamani,kolar,Karnataka,13.3986587,78.0533058,market
Chirgaon,jhansi,Uttar Pradesh,26.84,80.94,interstate_state_centroid
Chittorgarh,chittorgarh,Rajasthan,27.02,74.21,interstate_state_centroid
Chitwadagaon,ballia,Uttar Pradesh,26.84,80.94,interstate_state_centroid
Chokkikulam(Uzhavar Sandhai ),madurai,Tamil Nadu,11.12,78.65,interstate_state_centroid
Chopada,jalgaon,Maharashtra,19.75,75.71,interstate_state_centroid
Chorichora,gorakhpur,Uttar Pradesh,26.84,80.94,interstate_state_centroid
Chotila,surendranagar,Gujarat,22.25,71.19,interstate_state_centroid
Choumahla,jhalawar,Rajasthan,27.02,74.21,interstate_state_centroid
Churu,churu,Rajasthan,27.02,74.21,interstate_state_centroid
Chutmalpur,saharanpur,Uttar Pradesh,26.84,80.94,interstate_state_centroid
Coonoor(Uzhavar Sandhai ),the nilgiris,Tamil Nadu,11.12,78.65,interstate_state_centroid
Cuddalore,cuddalore,Tamil Nadu,11.12,78.65,interstate_state_centroid
Cuddalore(Uzhavar Sandhai ),cuddalore,Tamil Nadu,11.12,78.65,interstate_state_centroid
Cumbum,theni,Tamil Nadu,11.12,78.65,interstate_state_centroid
Dablirathan,hanumangarh,Rajasthan,27.02,74.21,interstate_state_centroid
Dabra,gwalior,Madhya Pradesh,22.97,78.65,interstate_state_centroid
Dabwali,sirsa,Haryana,29.05,76.08,interstate_state_centroid
Dadengiri,west garo hills,Meghalaya,25.46,91.36,interstate_state_centroid
Dahod,dahod,Gujarat,22.25,71.19,interstate_state_centroid
Dahod(Veg. Market),dahod,Gujarat,22.25,71.19,interstate_state_centroid
Daloda,mandsaur,Madhya Pradesh,22.97,78.65,interstate_state_centroid
Damana Hat,khurda,Orissa,20.95,85.09,interstate_state_centroid
Damnagar,amreli,Gujarat,22.25,71.19,interstate_state_centroid
Damoh,damoh,Madhya Pradesh,22.97,78.65,interstate_state_centroid
Damoh(F&V),damoh,Madhya Pradesh,22.97,78.65,interstate_state_centroid
Danapur,patna,Bihar,25.09,85.31,interstate_state_centroid
Daryapur,amarawati,Maharashtra,19.75,75.71,interstate_state_centroid
Dasada Patadi,surendranagar,Gujarat,22.25,71.19,interstate_state_centroid
Dasda,north tripura,Tripura,23.94,91.98,interstate_state_centroid
Dasuya,hoshiarpur,Punjab,31.14,75.34,interstate_state_centroid
Dataganj,badaun,Uttar Pradesh,26.84,80.94,interstate_state_centroid
Datia,datia,Madhya Pradesh,22.97,78.65,interstate_state_centroid
Dausa,dausa,Rajasthan,27.02,74.21,interstate_state_centroid
Davangere,davangere,Karnataka,14.4618879,75.9314156,market
Dehgam,gandhinagar,Gujarat,22.25,71.19,interstate_state_centroid
Dehgam(Rekhiyal),gandhinagar,Gujarat,22.25,71.19,interstate_state_centroid
Dei,bundi,Rajasthan,27.02,74.21,interstate_state_centroid
Denkanikottai,krishnagiri,Tamil Nadu,11.12,78.65,interstate_state_centroid
Denkanikottai(Uzhavar Sandhai ),krishnagiri,Tamil Nadu,11.12,78.65,interstate_state_centroid
Deoband,saharanpur,Uttar Pradesh,26.84,80.94,interstate_state_centroid
Deoli,tonk,Rajasthan,27.02,74.21,interstate_state_centroid
Deori,sagar,Madhya Pradesh,22.97,78.65,interstate_state_centroid
Dera Baba Nanak,gurdaspur,Punjab,31.14,75.34,interstate_state_centroid
Devakottai,sivaganga,Tamil Nadu,11.12,78.65,interstate_state_centroid
Devakottai (Uzhavar Sandhai ),sivaganga,Tamil Nadu,11.12,78.65,interstate_state_centroid
Devala,nashik,Maharashtra,19.75,75.71,interstate_state_centroid
Devandranagar,panna,Madhya Pradesh,22.97,78.65,interstate_state_centroid
Devarakadra,mahbubnagar,Andhra Pradesh,15.91,79.74,interstate_state_centroid
Devaram(Uzhavar Sandhai ),theni,Tamil Nadu,11.12,78.65,interstate_state_centroid
Devariya,deoria,Uttar Pradesh,26.84,80.94,interstate_state_centroid
Devri(F&V),sagar,Madhya Pradesh,22.97,78.65,interstate_state_centroid
Dewas,dewas,Madhya Pradesh,22.97,78.65,interstate_state_centroid
Dewas(F&V),dewas,Madhya Pradesh,22.97,78.65,interstate_state_centroid
Dhamdhama,nalbari,Assam,26.2,92.93,interstate_state_centroid
Dhamngaon-Railway,amarawati,Maharashtra,19.75,75.71,interstate_state_centroid
Dhamnod,dhar,Madhya Pradesh,22.97,78.65,interstate_state_centroid
Dhamnod(F&V),dhar,Madhya Pradesh,22.97,78.65,interstate_state_centroid
Dhamtari,dhamtari,Chhattisgarh,21.27,81.86,interstate_state_centroid
Dhanaura,amroha,Uttar Pradesh,26.84,80.94,interstate_state_centroid
Dhand,kaithal,Haryana,29.05,76.08,interstate_state_centroid
Dhanotu (Mandi),mandi,Himachal Pradesh,31.1,77.17,interstate_state_centroid
Dhansura,sabarkantha,Gujarat,22.25,71.19,interstate_state_centroid
Dhar,dhar,Madhya Pradesh,22.97,78.65,interstate_state_centroid
Dhar(F&V),dhar,Madhya Pradesh,22.97,78.65,interstate_state_centroid
Dharamkot,moga,Punjab,31.14,75.34,interstate_state_centroid
Dharampuri,dharmapuri,Tamil Nadu,11.12,78.65,interstate_state_centroid
Dharamshala,kangra,Himachal Pradesh,31.1,77.17,interstate_state_centroid
Dharangaon,jalgaon,Maharashtra,19.75,75.71,interstate_state_centroid
Dharapuram,erode,Tamil Nadu,11.12,78.65,interstate_state_centroid
Dhari,amreli,Gujarat,22.25,71.19,interstate_state_centroid
Dhariwal,gurdaspur,Punjab,31.14,75.34,interstate_state_centroid
Dharmapuri(Uzhavar Sandhai ),dharmapuri,Tamil Nadu,11.12,78.65,interstate_state_centroid
Dharni,amarawati,Maharashtra,19.75,75.71,interstate_state_centroid
Dharsul,fatehabad,Haryana,29.05,76.08,interstate_state_centroid
Dharwar,dharwad,Karnataka,15.4540505,75.0066516,market
Dhekiajuli,sonitpur,Assam,26.2,92.93,interstate_state_centroid
Dhenkanal,dhenkanal,Orissa,20.95,85.09,interstate_state_centroid
Dhilwan,kapurthala,Punjab,31.14,75.34,interstate_state_centroid
Dhoraji,rajkot,Gujarat,22.25,71.19,interstate_state_centroid
Dhragradhra,surendranagar,Gujarat,22.25,71.19,interstate_state_centroid
Dhrol,jamnagar,Gujarat,22.25,71.19,interstate_state_centroid
Dhule,dhule,Maharashtra,19.75,75.71,interstate_state_centroid
Dhupguri,jalpaiguri,West Bengal,22.98,87.85,interstate_state_centroid
Dhuri,sangrur,Punjab,31.14,75.34,interstate_state_centroid
Dibiapur,auraiya,Uttar Pradesh,26.84,80.94,interstate_state_centroid
Digapahandi,ganjam,Orissa,20.95,85.09,interstate_state_centroid
Dinanagar,gurdaspur,Punjab,31.14,75.34,interstate_state_centroid
Dindigul,dindigul,Tamil Nadu,11.12,78.65,interstate_state_centroid
Dindigul(Uzhavar Sandhai ),dindigul,Tamil Nadu,11.12,78.65,interstate_state_centroid
Dindori,dindori,Madhya Pradesh,22.97,78.65,interstate_state_centroid
Dindori,nashik,Maharashtra,19.75,75.71,interstate_state_centroid
Dindori(Vani),nashik,Maharashtra,19.75,75.71,interstate_state_centroid
Divai,bulandshahar,Uttar Pradesh,26.84,80.94,interstate_state_centroid
Doddaballa Pur,bangalore,Karnataka,13.0222347,77.5671832,district_fallback
Dondaicha,dhule,Maharashtra,19.75,75.71,interstate_state_centroid
Dondaicha(Sindhkheda),dhule,Maharashtra,19.75,75.71,interstate_state_centroid
Dongargarh,rajnandgaon,Chhattisgarh,21.27,81.86,interstate_state_centroid
Dooni,tonk,Rajasthan,27.02,74.21,interstate_state_centroid
Doraha,ludhiana,Punjab,31.14,75.34,interstate_state_centroid
Dound,pune,Maharashtra,19.75,75.71,interstate_state_centroid
Dudhani,sholapur,Maharashtra,19.75,75.71,interstate_state_centroid
Dudhansadhan,patiala,Punjab,31.14,75.34,interstate_state_centroid
Dudhi,sonbhadra,Uttar Pradesh,26.84,80.94,interstate_state_centroid
Dungarpur,dungarpur,Rajasthan,27.02,74.21,interstate_state_centroid
Durg,durg,Chhattisgarh,21.27,81.86,interstate_state_centroid
Durgapur,paschim bardhaman,West Bengal,22.98,87.85,interstate_state_centroid
Edapadi (Uzhavar Sandhai ),salem,Tamil Nadu,11.12,78.65,interstate_state_centroid
Edappadi,salem,Tamil Nadu,11.12,78.65,interstate_state_centroid
Elampillai(Uzhavar Sandhai ),salem,Tamil Nadu,11.12,78.65,interstate_state_centroid
Ellanabad,sirsa,Haryana,29.05,76.08,interstate_state_centroid
Ernakulam,ernakulam,Kerala,10.85,76.27,interstate_state_centroid
Erragadda(Rythu Bazar),hyderabad,Andhra Pradesh,15.91,79.74,interstate_state_centroid
Etah,etah,Uttar Pradesh,26.84,80.94,interstate_state_centroid
Etawah,etawah,Uttar Pradesh,26.84,80.94,interstate_state_centroid
Ettumanoor,kottayam,Kerala,10.85,76.27,interstate_state_centroid
F.G.Churian,gurdaspur,Punjab,31.14,75.34,interstate_state_centroid
Falakata,alipurduar,West Bengal,22.98,87.85,interstate_state_centroid
Faridabad,faridabad,Haryana,29.05,76.08,interstate_state_centroid
Faridkot,faridkot,Punjab,31.14,75.34,interstate_state_centroid
Farukh Nagar,gurgaon,Haryana,29.05,76.08,interstate_state_centroid
Fatehabad,agra,Uttar Pradesh,26.84,80.94,interstate_state_centroid
Fatehabad,fatehabad,Haryana,29.05,76.08,interstate_state_centroid
Fatehnagar,udaipur,Rajasthan,27.02,74.21,interstate_state_centroid
Fatehpur,fatehpur,Uttar Pradesh,26.84,80.94,interstate_state_centroid
Fatehpur,sikar,Rajasthan,27.02,74.21,interstate_state_centroid
Fatehpur Sikri,agra,Uttar Pradesh,26.84,80.94,interstate_state_centroid
Fazilka,fazilka,Punjab,31.14,75.34,interstate_state_centroid
FerozpurZirkha(Nagina),mewat,Haryana,29.05,76.08,interstate_state_centroid
Firozabad,firozabad,Uttar Pradesh,26.84,80.94,interstate_state_centroid
Forbesganj,araria,Bihar,25.09,85.31,interstate_state_centroid
Gadag,gadag,Karnataka,15.4221812,75.6376639,market
Gadarwada,narsinghpur,Madhya Pradesh,22.97,78.65,interstate_state_centroid
Gadaura,maharajganj,Uttar Pradesh,26.84,80.94,interstate_state_centroid
Gairatganj,raisen,Madhya Pradesh,22.97,78.65,interstate_state_centroid
Gajsinghpur,ganganagar,Rajasthan,27.02,74.21,interstate_state_centroid
Gajwel,medak,Andhra Pradesh,15.91,79.74,interstate_state_centroid
Ganaur,sonipat,Haryana,29.05,76.08,interstate_state_centroid
Gandai,rajnandgaon,Chhattisgarh,21.27,81.86,interstate_state_centroid
Gandhwani,dhar,Madhya Pradesh,22.97,78.65,interstate_state_centroid
Gangakhed,parbhani,Maharashtra,19.75,75.71,interstate_state_centroid
Gangavathi,koppal,Karnataka,15.4308872,76.5319723,market
Gangoh,saharanpur,Uttar Pradesh,26.84,80.94,interstate_state_centroid
Ganjbasoda,vidisha,Madhya Pradesh,22.97,78.65,interstate_state_centroid
Garh Shankar,hoshiarpur,Punjab,31.14,75.34,interstate_state_centroid
Garh Shankar(Mahalpur),hoshiarpur,Punjab,31.14,75.34,interstate_state_centroid
GarhShankar (Kotfatuhi),hoshiarpur,Punjab,31.14,75.34,interstate_state_centroid
Garhakota,sagar,Madhya Pradesh,22.97,78.65,interstate_state_centroid
Garoth,mandsaur,Madhya Pradesh,22.97,78.65,interstate_state_centroid
Gasuapara,south garo hills,Meghalaya,25.46,91.36,interstate_state_centroid
Gautampura,indore,Madhya Pradesh,22.97,78.65,interstate_state_centroid
Gazipur,ghazipur,Uttar Pradesh,26.84,80.94,interstate_state_centroid
Gehri,amritsar,Punjab,31.14,75.34,interstate_state_centroid
Gehri(Jandiala mandi),amritsar,Punjab,31.14,75.34,interstate_state_centroid
Gevrai,beed,Maharashtra,19.75,75.71,interstate_state_centroid
Ghanaur,patiala,Punjab,31.14,75.34,interstate_state_centroid
Ghansour,seoni,Madhya Pradesh,22.97,78.65,interstate_state_centroid
Gharaunda,karnal,Haryana,29.05,76.08,interstate_state_centroid
Ghathashi,zunheboto,Nagaland,26.15,94.56,interstate_state_centroid
Ghaziabad,ghaziabad,Uttar Pradesh,26.84,80.94,interstate_state_centroid
Ghiraur,mainpuri,Uttar Pradesh,26.84,80.94,interstate_state_centroid
Ghoti,nashik,Maharashtra,19.75,75.71,interstate_state_centroid
Giddarbaha,muktsar,Punjab,31.14,75.34,interstate_state_centroid
Gingee,villupuram,Tamil Nadu,11.12,78.65,interstate_state_centroid
Gingee(Uzhavar Sandhai ),villupuram,Tamil Nadu,11.12,78.65,interstate_state_centroid
Gobichettipalayam,erode,Tamil Nadu,11.12,78.65,interstate_state_centroid
Gobichettipalayam(Uzhavar Sandhai ),erode,Tamil Nadu,11.12,78.65,interstate_state_centroid
Godabhaga,bargarh,Orissa,20.95,85.09,interstate_state_centroid
Gohad,bhind,Madhya Pradesh,22.97,78.65,interstate_state_centroid
Gohana,sonipat,Haryana,29.05,76.08,interstate_state_centroid
Gokak,belgaum,Karnataka,16.1626449,74.814992,market
Golagokarnath,lakhimpur,Assam,26.2,92.93,interstate_state_centroid
Goluwala,hanumangarh,Rajasthan,27.02,74.21,interstate_state_centroid
Gonda,gonda,Uttar Pradesh,26.84,80.94,interstate_state_centroid
Gondal,rajkot,Gujarat,22.25,71.19,interstate_state_centroid
Gondal(Veg.market Gondal),rajkot,Gujarat,22.25,71.19,interstate_state_centroid
Gopa,kendrapara,Orissa,20.95,85.09,interstate_state_centroid
Gorakhpur,dindori,Madhya Pradesh,22.97,78.65,interstate_state_centroid
Gorakhpur,gorakhpur,Uttar Pradesh,26.84,80.94,interstate_state_centroid
Goraya,jalandhar,Punjab,31.14,75.34,interstate_state_centroid
Gotegaon,narsinghpur,Madhya Pradesh,22.97,78.65,interstate_state_centroid
Gowribidanoor,kolar,Karnataka,13.1805066,78.2669329,district_fallback
Gudalur(Uzhavar Sandhai ),the nilgiris,Tamil Nadu,11.12,78.65,interstate_state_centroid
Gudimalkapur,hyderabad,Andhra Pradesh,15.91,79.74,interstate_state_centroid
Gudiyatham,vellore,Tamil Nadu,11.12,78.65,interstate_state_centroid
Gudiyatham(Uzhavar Sandhai ),vellore,Tamil Nadu,11.12,78.65,interstate_state_centroid
Gulabganj,vidisha,Madhya Pradesh,22.97,78.65,interstate_state_centroid
Gulabpura,bhilwara,Rajasthan,27.02,74.21,interstate_state_centroid
Gulavati,bulandshahar,Uttar Pradesh,26.84,80.94,interstate_state_centroid
Guna,guna,Madhya Pradesh,22.97,78.65,interstate_state_centroid
Guna(F&V),guna,Madhya Pradesh,22.97,78.65,interstate_state_centroid
Gunpur,rayagada,Orissa,20.95,85.09,interstate_state_centroid
Gurdaspur,gurdaspur,Punjab,31.14,75.34,interstate_state_centroid
Gurgaon,gurgaon,Haryana,29.05,76.08,interstate_state_centroid
Gurusarai,jhansi,Uttar Pradesh,26.84,80.94,interstate_state_centroid
Haatpipliya,dewas,Madhya Pradesh,22.97,78.65,interstate_state_centroid
Habra,north 24 parganas,West Bengal,22.98,87.85,interstate_state_centroid
Hamirpur,hamirpur,Himachal Pradesh,31.1,77.17,interstate_state_centroid
Hamirpur(Nadaun),hamirpur,Himachal Pradesh,31.1,77.17,interstate_state_centroid
Hanmarkonda(Rythu Bazar),warangal,Andhra Pradesh,15.91,79.74,interstate_state_centroid
Hanumana,rewa,Madhya Pradesh,22.97,78.65,interstate_state_centroid
Hanumangarh,hanumangarh,Rajasthan,27.02,74.21,interstate_state_centroid
Hanumangarh Town,hanumangarh,Rajasthan,27.02,74.21,interstate_state_centroid
Hanumangarh(Urlivas),hanumangarh,Rajasthan,27.02,74.21,interstate_state_centroid
Hapur,ghaziabad,Uttar Pradesh,26.84,80.94,interstate_state_centroid
Harda,harda,Madhya Pradesh,22.97,78.65,interstate_state_centroid
Harda(F&V),harda,Madhya Pradesh,22.97,78.65,interstate_state_centroid
Hardoi,hardoi,Uttar Pradesh,26.84,80.94,interstate_state_centroid
Hargaon (Laharpur),sitapur,Uttar Pradesh,26.84,80.94,interstate_state_centroid
Harij,patan,Gujarat,22.25,71.19,interstate_state_centroid
Harippad,alappuzha,Kerala,10.85,76.27,interstate_state_centroid
Harpalpur,chhatarpur,Madhya Pradesh,22.97,78.65,interstate_state_centroid
Harsood,khandwa,Madhya Pradesh,22.97,78.65,interstate_state_centroid
Harur(Uzhavar Sandhai ),dharmapuri,Tamil Nadu,11.12,78.65,interstate_state_centroid
Hasanpur,amroha,Uttar Pradesh,26.84,80.94,interstate_state_centroid
Hassan,hassan,Karnataka,13.0070817,76.0992703,market
Hassanpur,palwal,Haryana,29.05,76.08,interstate_state_centroid
Hasthampatti(Uzhavar Sandhai ),salem,Tamil Nadu,11.12,78.65,interstate_state_centroid
Hata,damoh,Madhya Pradesh,22.97,78.65,interstate_state_centroid
Haveri,haveri,Karnataka,14.7874825,75.3996731,market
Himatnagar,sabarkantha,Gujarat,22.25,71.19,interstate_state_centroid
Hindol,dhenkanal,Orissa,20.95,85.09,interstate_state_centroid
Hindoun,karauli,Rajasthan,27.02,74.21,interstate_state_centroid
Hinganghat,wardha,Maharashtra,19.75,75.71,interstate_state_centroid
Hingna,nagpur,Maharashtra,19.75,75.71,interstate_state_centroid
Hingoli,hingoli,Maharashtra,19.75,75.71,interstate_state_centroid
Hingoli(Kanegoan Naka),hingoli,Maharashtra,19.75,75.71,interstate_state_centroid
Hinjilicut,ganjam,Orissa,20.95,85.09,interstate_state_centroid
Hiriyur,chitradurga,Karnataka,13.9443237,76.6167407,market
Hodal,palwal,Haryana,29.05,76.08,interstate_state_centroid
Holalkere,chitradurga,Karnataka,14.0428326,76.1844875,market
Hoshangabad,hoshangabad,Madhya Pradesh,22.97,78.65,interstate_state_centroid
Hoshangabad(F&V),hoshangabad,Madhya Pradesh,22.97,78.65,interstate_state_centroid
Hoshiarpur,hoshiarpur,Punjab,31.14,75.34,interstate_state_centroid
Hoshiarpur(Sham Churasi),hoshiarpur,Punjab,31.14,75.34,interstate_state_centroid
Hoskote,bangalore,Karnataka,13.0318443,77.7618779,market
Hospet,bellary,Karnataka,15.2724253,76.3884193,market
Hosur,krishnagiri,Tamil Nadu,11.12,78.65,interstate_state_centroid
Hosur(Uzhavar Sandhai ),krishnagiri,Tamil Nadu,11.12,78.65,interstate_state_centroid
Hubli (Amaragol),dharwad,Karnataka,15.3518378,75.1379848,market
Humanabad,bidar,Karnataka,17.7715078,77.1393693,market
Hunsur,mysore,Karnataka,12.3132601,76.6343987,market
Iamailabad,kurukshetra,Haryana,29.05,76.08,interstate_state_centroid
Iklera,jhalawar,Rajasthan,27.02,74.21,interstate_state_centroid
Indapur,pune,Maharashtra,19.75,75.71,interstate_state_centroid
Indapur(Bhigwan),pune,Maharashtra,19.75,75.71,interstate_state_centroid
Indapur(Nimgaon Ketki),pune,Maharashtra,19.75,75.71,interstate_state_centroid
Indore,indore,Madhya Pradesh,22.97,78.65,interstate_state_centroid
Indore(F&V),indore,Madhya Pradesh,22.97,78.65,interstate_state_centroid
Indri,karnal,Haryana,29.05,76.08,interstate_state_centroid
Indus(Bankura Sadar),bankura,West Bengal,22.98,87.85,interstate_state_centroid
Islampur,sangli,Maharashtra,19.75,75.71,interstate_state_centroid
Itarsi,hoshangabad,Madhya Pradesh,22.97,78.65,interstate_state_centroid
Itawa,kota,Rajasthan,27.02,74.21,interstate_state_centroid
Jabalpur,jabalpur,Madhya Pradesh,22.97,78.65,interstate_state_centroid
Jabalpur(F&V),jabalpur,Madhya Pradesh,22.97,78.65,interstate_state_centroid
Jafarganj,amethi,Uttar Pradesh,26.84,80.94,interstate_state_centroid
Jagadhri,yamuna nagar,Haryana,29.05,76.08,interstate_state_centroid
Jagnair,agra,Uttar Pradesh,26.84,80.94,interstate_state_centroid
Jagraon,ludhiana,Punjab,31.14,75.34,interstate_state_centroid
Jahajharpur,madhubani,Bihar,25.09,85.31,interstate_state_centroid
Jahanabad,fatehpur,Uttar Pradesh,26.84,80.94,interstate_state_centroid
Jahangirabad,bulandshahar,Uttar Pradesh,26.84,80.94,interstate_state_centroid
Jainagar,madhubani,Bihar,25.09,85.31,interstate_state_centroid
Jainath,adilabad,Andhra Pradesh,15.91,79.74,interstate_state_centroid
Jaipur (F&V),jaipur,Rajasthan,27.02,74.21,interstate_state_centroid
Jaisalmer,jaisalmer,Rajasthan,27.02,74.21,interstate_state_centroid
Jaisinagar,sagar,Madhya Pradesh,22.97,78.65,interstate_state_centroid
Jaithari,anupur,Madhya Pradesh,22.97,78.65,interstate_state_centroid
"Jaitipir Mandi, Lalganj block",vaishali,Bihar,25.09,85.31,interstate_state_centroid
Jaitu,faridkot,Punjab,31.14,75.34,interstate_state_centroid
Jajpur,jajpur,Orissa,20.95,85.09,interstate_state_centroid
Jakhal,fatehabad,Haryana,29.05,76.08,interstate_state_centroid
Jalagandapuram(Uzhavar Sandhai ),salem,Tamil Nadu,11.12,78.65,interstate_state_centroid
Jalalabad,fazilka,Punjab,31.14,75.34,interstate_state_centroid
Jalalabad,shahjahanpur,Uttar Pradesh,26.84,80.94,interstate_state_centroid
Jalandhar City(Jalandhar),jalandhar,Punjab,31.14,75.34,interstate_state_centroid
Jaleswar,goalpara,Assam,26.2,92.93,interstate_state_centroid
Jalgaon,jalgaon,Maharashtra,19.75,75.71,interstate_state_centroid
Jalgaon(Masawat),jalgaon,Maharashtra,19.75,75.71,interstate_state_centroid
Jalore,jalore,Rajasthan,27.02,74.21,interstate_state_centroid
Jalpaiguri Sadar,jalpaiguri,West Bengal,22.98,87.85,interstate_state_centroid
Jalukie,kohima,Nagaland,26.15,94.56,interstate_state_centroid
Jam Jodhpur,jamnagar,Gujarat,22.25,71.19,interstate_state_centroid
Jambusar,bharuch,Gujarat,22.25,71.19,interstate_state_centroid
Jamkhed,ahmednagar,Maharashtra,19.75,75.71,interstate_state_centroid
Jamnagar,jamnagar,Gujarat,22.25,71.19,interstate_state_centroid
Jamui,jamui,Bihar,25.09,85.31,interstate_state_centroid
Janata Agri Market (DLS Agro Infrastructure Pvt Lt,dhule,Maharashtra,19.75,75.71,interstate_state_centroid
Jangipur,murshidabad,West Bengal,22.98,87.85,interstate_state_centroid
Jangipura,ghazipur,Uttar Pradesh,26.84,80.94,interstate_state_centroid
Jaora,ratlam,Madhya Pradesh,22.97,78.65,interstate_state_centroid
Jasdan,rajkot,Gujarat,22.25,71.19,interstate_state_centroid
Jaspur,jashpur,Chhattisgarh,21.27,81.86,interstate_state_centroid
Jasra,prayagraj,Uttar Pradesh,26.84,80.94,interstate_state_centroid
Jasvantnagar,etawah,Uttar Pradesh,26.84,80.94,interstate_state_centroid
Jatara,tikamgarh,Madhya Pradesh,22.97,78.65,interstate_state_centroid
Jatni,khurda,Orissa,20.95,85.09,interstate_state_centroid
Jaunpur,jaunpur,Uttar Pradesh,26.84,80.94,interstate_state_centroid
Javad,neemuch,Madhya Pradesh,22.97,78.65,interstate_state_centroid
Javera,damoh,Madhya Pradesh,22.97,78.65,interstate_state_centroid
Jeerapur,rajgarh,Madhya Pradesh,22.97,78.65,interstate_state_centroid
Jehanabad,jehanabad,Bihar,25.09,85.31,interstate_state_centroid
Jetpur(Dist.Rajkot),rajkot,Gujarat,22.25,71.19,interstate_state_centroid
Jhabua,jhabua,Madhya Pradesh,22.97,78.65,interstate_state_centroid
Jhalarapatan,jhalawar,Rajasthan,27.02,74.21,interstate_state_centroid
Jhansi,jhansi,Uttar Pradesh,26.84,80.94,interstate_state_centroid
Jhansi (Grain),jhansi,Uttar Pradesh,26.84,80.94,interstate_state_centroid
Jharsuguda,jharsuguda,Orissa,20.95,85.09,interstate_state_centroid
Jiaganj,murshidabad,West Bengal,22.98,87.85,interstate_state_centroid
Jind,jind,Haryana,29.05,76.08,interstate_state_centroid
Jintur,parbhani,Maharashtra,19.75,75.71,interstate_state_centroid
Jobat,alirajpur,Madhya Pradesh,22.97,78.65,interstate_state_centroid
Jodhpur (F&V),jodhpur,Rajasthan,27.02,74.21,interstate_state_centroid
Jodhpur (Grain),jodhpur,Rajasthan,27.02,74.21,interstate_state_centroid
Jodhpur(F&V)(Paota),jodhpur,Rajasthan,27.02,74.21,interstate_state_centroid
Jora,morena,Madhya Pradesh,22.97,78.65,interstate_state_centroid
Jorhat,jorhat,Assam,26.2,92.93,interstate_state_centroid
Junagarh,kalahandi,Orissa,20.95,85.09,interstate_state_centroid
Junnar,pune,Maharashtra,19.75,75.71,interstate_state_centroid
Junnar(Alephata),pune,Maharashtra,19.75,75.71,interstate_state_centroid
Junnar(Narayangaon),pune,Maharashtra,19.75,75.71,interstate_state_centroid
Junnar(Otur),pune,Maharashtra,19.75,75.71,interstate_state_centroid
K.R. Pet,mandya,Karnataka,12.6368939,76.7275477,district_fallback
K.R.Nagar,mysore,Karnataka,12.3364551,76.6523561,market
Kada,beed,Maharashtra,19.75,75.71,interstate_state_centroid
Kadamtala,north tripura,Tripura,23.94,91.98,interstate_state_centroid
Kadur,chikmagalur,Karnataka,13.3313052,75.7904393,market
Kahithapattarai(Uzhavar Sandhai ),vellore,Tamil Nadu,11.12,78.65,interstate_state_centroid
Kaij,beed,Maharashtra,19.75,75.71,interstate_state_centroid
Kailaras,morena,Madhya Pradesh,22.97,78.65,interstate_state_centroid
Kaithal,kaithal,Haryana,29.05,76.08,interstate_state_centroid
Kalahandi(Dharamagarh),kalahandi,Orissa,20.95,85.09,interstate_state_centroid
Kalanaur,gurdaspur,Punjab,31.14,75.34,interstate_state_centroid
Kalapipal,shajapur,Madhya Pradesh,22.97,78.65,interstate_state_centroid
Kalapipal(F&V),shajapur,Madhya Pradesh,22.97,78.65,interstate_state_centroid
Kalawad,jamnagar,Gujarat,22.25,71.19,interstate_state_centroid
Kalipur,hooghly,West Bengal,22.98,87.85,interstate_state_centroid
Kallakurichi,villupuram,Tamil Nadu,11.12,78.65,interstate_state_centroid
Kalmeshwar,nagpur,Maharashtra,19.75,75.71,interstate_state_centroid
Kalol,gandhinagar,Gujarat,22.25,71.19,interstate_state_centroid
"Kalol(Veg,Market,Kalol)",gandhinagar,Gujarat,22.25,71.19,interstate_state_centroid
Kalvan,nashik,Maharashtra,19.75,75.71,interstate_state_centroid
Kalwakurthy,mahbubnagar,Andhra Pradesh,15.91,79.74,interstate_state_centroid
Kalyan,thane,Maharashtra,19.75,75.71,interstate_state_centroid
Kalyani,nadia,West Bengal,22.98,87.85,interstate_state_centroid
Kamakhyanagar,dhenkanal,Orissa,20.95,85.09,interstate_state_centroid
Kambam(Uzhavar Sandhai ),theni,Tamil Nadu,11.12,78.65,interstate_state_centroid
Kamthi,nagpur,Maharashtra,19.75,75.71,interstate_state_centroid
Kanakapura,bangalore,Karnataka,12.9276436,77.5768403,market
Kancheepuram(Uzhavar Sandhai ),kancheepuram,Tamil Nadu,11.12,78.65,interstate_state_centroid
Kanchipuram,kancheepuram,Tamil Nadu,11.12,78.65,interstate_state_centroid
Kandhar,nanded,Maharashtra,19.75,75.71,interstate_state_centroid
Kandi,murshidabad,West Bengal,22.98,87.85,interstate_state_centroid
Kandiyaperi(Uzhavar Sandhai ),thirunelveli,Tamil Nadu,11.12,78.65,interstate_state_centroid
Kangeyam,erode,Tamil Nadu,11.12,78.65,interstate_state_centroid
Kangra,kangra,Himachal Pradesh,31.1,77.17,interstate_state_centroid
Kangra(Baijnath),kangra,Himachal Pradesh,31.1,77.17,interstate_state_centroid
Kangra(Jaisinghpur),kangra,Himachal Pradesh,31.1,77.17,interstate_state_centroid
Kangra(Jassour),kangra,Himachal Pradesh,31.1,77.17,interstate_state_centroid
Kangra(Nagrota Bagwan),kangra,Himachal Pradesh,31.1,77.17,interstate_state_centroid
Kanjirappally,kottayam,Kerala,10.85,76.27,interstate_state_centroid
Kannod,dewas,Madhya Pradesh,22.97,78.65,interstate_state_centroid
Kannur,kannur,Kerala,10.85,76.27,interstate_state_centroid
Kapadvanj,kheda,Gujarat,22.25,71.19,interstate_state_centroid
Kapasan,chittorgarh,Rajasthan,27.02,74.21,interstate_state_centroid
Kapurthala,kapurthala,Punjab,31.14,75.34,interstate_state_centroid
Karad,satara,Maharashtra,19.75,75.71,interstate_state_centroid
Karaikudi,sivaganga,Tamil Nadu,11.12,78.65,interstate_state_centroid
Karaikudi(Uzhavar Sandhai ),sivaganga,Tamil Nadu,11.12,78.65,interstate_state_centroid
Kareli,narsinghpur,Madhya Pradesh,22.97,78.65,interstate_state_centroid
Karera,shivpuri,Madhya Pradesh,22.97,78.65,interstate_state_centroid
Karhi,khargone,Madhya Pradesh,22.97,78.65,interstate_state_centroid
Karimnagar,karimnagar,Andhra Pradesh,15.91,79.74,interstate_state_centroid
Karimnagar(Rythu Bazar),karimnagar,Andhra Pradesh,15.91,79.74,interstate_state_centroid
Karimpur,nadia,West Bengal,22.98,87.85,interstate_state_centroid
Kariyapatti(Uzhavar Sandhai ),virudhunagar,Tamil Nadu,11.12,78.65,interstate_state_centroid
Karjat,ahmednagar,Maharashtra,19.75,75.71,interstate_state_centroid
Karjat(Raigad),raigad,Maharashtra,19.75,75.71,interstate_state_centroid
Karmala,sholapur,Maharashtra,19.75,75.71,interstate_state_centroid
Karnailganj,gonda,Uttar Pradesh,26.84,80.94,interstate_state_centroid
Karur,karur,Tamil Nadu,11.12,78.65,interstate_state_centroid
Karur(Uzhavar Sandhai ),karur,Tamil Nadu,11.12,78.65,interstate_state_centroid
Kasimbazar,murshidabad,West Bengal,22.98,87.85,interstate_state_centroid
Kasinagar,gajapati,Orissa,20.95,85.09,interstate_state_centroid
Kasipur,puruliya,West Bengal,22.98,87.85,interstate_state_centroid
Kasrawad,khargone,Madhya Pradesh,22.97,78.65,interstate_state_centroid
Katangi,balaghat,Madhya Pradesh,22.97,78.65,interstate_state_centroid
Katghora,korba,Chhattisgarh,21.27,81.86,interstate_state_centroid
Kathua,kathua,Jammu & Kashmir,33.77,76.57,interstate_state_centroid
Katni,katni,Madhya Pradesh,22.97,78.65,interstate_state_centroid
Katni(F&V),katni,Madhya Pradesh,22.97,78.65,interstate_state_centroid
Katol,nagpur,Maharashtra,19.75,75.71,interstate_state_centroid
Katpadi (Uzhavar Sandhai ),vellore,Tamil Nadu,11.12,78.65,interstate_state_centroid
Katpadi(Uzhavar Santhai),vellore,Tamil Nadu,11.12,78.65,interstate_state_centroid
Kattappana,idukki,Kerala,10.85,76.27,interstate_state_centroid
Kaveripattinam(Uzhavar Sandhai ),krishnagiri,Tamil Nadu,11.12,78.65,interstate_state_centroid
Kawai Salpura (Atru),baran,Rajasthan,27.02,74.21,interstate_state_centroid
Kayamkulam,alappuzha,Kerala,10.85,76.27,interstate_state_centroid
Kendrapara,kendrapara,Orissa,20.95,85.09,interstate_state_centroid
Kendrapara(Marshaghai),kendrapara,Orissa,20.95,85.09,interstate_state_centroid
Keolari,seoni,Madhya Pradesh,22.97,78.65,interstate_state_centroid
Keonjhar,keonjhar,Orissa,20.95,85.09,interstate_state_centroid
Keonjhar(Dhekikote),keonjhar,Orissa,20.95,85.09,interstate_state_centroid
Keonjhar(Jhumpura),keonjhar,Orissa,20.95,85.09,interstate_state_centroid
Kesarisinghpur,ganganagar,Rajasthan,27.02,74.21,interstate_state_centroid
Keshopur,delhi,Delhi,28.7,77.1,interstate_state_centroid
Keshoraipatan,bundi,Rajasthan,27.02,74.21,interstate_state_centroid
Kesinga,kalahandi,Orissa,20.95,85.09,interstate_state_centroid
Kesli,sagar,Madhya Pradesh,22.97,78.65,interstate_state_centroid
Khachrod,ujjain,Madhya Pradesh,22.97,78.65,interstate_state_centroid
Khaga,fatehpur,Uttar Pradesh,26.84,80.94,interstate_state_centroid
Khair,aligarh,Uttar Pradesh,26.84,80.94,interstate_state_centroid
Khairagarh,agra,Uttar Pradesh,26.84,80.94,interstate_state_centroid
Khajuwala,bikaner,Rajasthan,27.02,74.21,interstate_state_centroid
Khambhat(Grain Market),anand,Gujarat,22.25,71.19,interstate_state_centroid
Khambhat(Veg Yard Khambhat),anand,Gujarat,22.25,71.19,interstate_state_centroid
Khamhariya,durg,Chhattisgarh,21.27,81.86,interstate_state_centroid
Khanauri,sangrur,Punjab,31.14,75.34,interstate_state_centroid
Khandwa,khandwa,Madhya Pradesh,22.97,78.65,interstate_state_centroid
Khandwa(F&V),khandwa,Madhya Pradesh,22.97,78.65,interstate_state_centroid
Khaniadhana,shivpuri,Madhya Pradesh,22.97,78.65,interstate_state_centroid
Khanna,ludhiana,Punjab,31.14,75.34,interstate_state_centroid
Khanpur,jhalawar,Rajasthan,27.02,74.21,interstate_state_centroid
Khargapur,tikamgarh,Madhya Pradesh,22.97,78.65,interstate_state_centroid
Khargone,khargone,Madhya Pradesh,22.97,78.65,interstate_state_centroid
Khariar,nuapada,Orissa,20.95,85.09,interstate_state_centroid
Khariar Road,nuapada,Orissa,20.95,85.09,interstate_state_centroid
Kharora,raipur,Chhattisgarh,21.27,81.86,interstate_state_centroid
Khatauli,muzaffarnagar,Uttar Pradesh,26.84,80.94,interstate_state_centroid
Khategaon,dewas,Madhya Pradesh,22.97,78.65,interstate_state_centroid
Khatora,shivpuri,Madhya Pradesh,22.97,78.65,interstate_state_centroid
Khatra,bankura,West Bengal,22.98,87.85,interstate_state_centroid
Khed(Chakan),pune,Maharashtra,19.75,75.71,interstate_state_centroid
Khedbrahma,sabarkantha,Gujarat,22.25,71.19,interstate_state_centroid
Khekda,baghpat,Uttar Pradesh,26.84,80.94,interstate_state_centroid
Kheragarh,rajnandgaon,Chhattisgarh,21.27,81.86,interstate_state_centroid
Kherli,alwar,Rajasthan,27.02,74.21,interstate_state_centroid
Khilchipur,rajgarh,Madhya Pradesh,22.97,78.65,interstate_state_centroid
Khirakiya,harda,Madhya Pradesh,22.97,78.65,interstate_state_centroid
Khujner,rajgarh,Madhya Pradesh,22.97,78.65,interstate_state_centroid
Khurai,sagar,Madhya Pradesh,22.97,78.65,interstate_state_centroid
Khurai(F&V),sagar,Madhya Pradesh,22.97,78.65,interstate_state_centroid
Khurja,bulandshahar,Uttar Pradesh,26.84,80.94,interstate_state_centroid
Kille Dharur,beed,Maharashtra,19.75,75.71,interstate_state_centroid
Kipheri,kiphire,Nagaland,26.15,94.56,interstate_state_centroid
Kiratpur,bijnor,Uttar Pradesh,26.84,80.94,interstate_state_centroid
Kishunpur,fatehpur,Uttar Pradesh,26.84,80.94,interstate_state_centroid
Kochas (Balthari),rohtas,Bihar,25.09,85.31,interstate_state_centroid
Koduvayoor,palakad,Kerala,10.85,76.27,interstate_state_centroid
Kohima,kohima,Nagaland,26.15,94.56,interstate_state_centroid
Kolar,kolar,Karnataka,13.123993,78.1329276,market
Kolaras,shivpuri,Madhya Pradesh,22.97,78.65,interstate_state_centroid
Kolaras(F&V),shivpuri,Madhya Pradesh,22.97,78.65,interstate_state_centroid
Kolhapur,kolhapur,Maharashtra,19.75,75.71,interstate_state_centroid
Kollam,kollam,Kerala,10.85,76.27,interstate_state_centroid
Kollengode,palakad,Kerala,10.85,76.27,interstate_state_centroid
Kondotty,malappuram,Kerala,10.85,76.27,interstate_state_centroid
Kopargaon,ahmednagar,Maharashtra,19.75,75.71,interstate_state_centroid
Koppa,chikmagalur,Karnataka,13.5334842,75.3670061,market
Koppal,koppal,Karnataka,15.3484144,76.1547421,market
Koraput,koraput,Orissa,20.95,85.09,interstate_state_centroid
Koraput(Semilguda),koraput,Orissa,20.95,85.09,interstate_state_centroid
Kosikalan,mathura,Uttar Pradesh,26.84,80.94,interstate_state_centroid
Kosli,rewari,Haryana,29.05,76.08,interstate_state_centroid
Kot ise Khan,moga,Punjab,31.14,75.34,interstate_state_centroid
Kota,bilaspur,Chhattisgarh,21.27,81.86,interstate_state_centroid
Kota,kota,Rajasthan,27.02,74.21,interstate_state_centroid
Kota (F&V),kota,Rajasthan,27.02,74.21,interstate_state_centroid
Kothagiri(Uzhavar Sandhai ),the nilgiris,Tamil Nadu,11.12,78.65,interstate_state_centroid
Kothamangalam,ernakulam,Kerala,10.85,76.27,interstate_state_centroid
Kotkapura,faridkot,Punjab,31.14,75.34,interstate_state_centroid
Kotma,anupur,Madhya Pradesh,22.97,78.65,interstate_state_centroid
Kottakkal,malappuram,Kerala,10.85,76.27,interstate_state_centroid
Kottarakkara,kollam,Kerala,10.85,76.27,interstate_state_centroid
Kottayam,kottayam,Kerala,10.85,76.27,interstate_state_centroid
Krishnagiri,krishnagiri,Tamil Nadu,11.12,78.65,interstate_state_centroid
Krishnagiri(Uzhavar Sandhai ),krishnagiri,Tamil Nadu,11.12,78.65,interstate_state_centroid
Kuchinda,sambalpur,Orissa,20.95,85.09,interstate_state_centroid
Kukshi,dhar,Madhya Pradesh,22.97,78.65,interstate_state_centroid
Kulgam,anantnag,Jammu & Kashmir,33.77,76.57,interstate_state_centroid
Kulithalai(Uzhavar Sandhai ),karur,Tamil Nadu,11.12,78.65,interstate_state_centroid
Kullu,kullu,Himachal Pradesh,31.1,77.17,interstate_state_centroid
Kullu(Chauri Bihal),kullu,Himachal Pradesh,31.1,77.17,interstate_state_centroid
Kumarapalayam(Uzhavar Sandhai ),namakkal,Tamil Nadu,11.12,78.65,interstate_state_centroid
Kumbakonam,thanjavur,Tamil Nadu,11.12,78.65,interstate_state_centroid
Kumbakonam (Uzhavar Sandhai ),thanjavur,Tamil Nadu,11.12,78.65,interstate_state_centroid
Kumbhraj,guna,Madhya Pradesh,22.97,78.65,interstate_state_centroid
Kumrikata,nalbari,Assam,26.2,92.93,interstate_state_centroid
Kundrathur(Uzhavar Sandhai ),kancheepuram,Tamil Nadu,11.12,78.65,interstate_state_centroid
Kurara,hamirpur,Himachal Pradesh,31.1,77.17,interstate_state_centroid
Kurawar,rajgarh,Madhya Pradesh,22.97,78.65,interstate_state_centroid
Kurdwadi,sholapur,Maharashtra,19.75,75.71,interstate_state_centroid
Kurdwadi(Modnimb),sholapur,Maharashtra,19.75,75.71,interstate_state_centroid
Kurichi(Uzhavar Sandhai ),coimbatore,Tamil Nadu,11.12,78.65,interstate_state_centroid
Kurnool,kurnool,Andhra Pradesh,15.91,79.74,interstate_state_centroid
Kurud,dhamtari,Chhattisgarh,21.27,81.86,interstate_state_centroid
Kuruppanthura,kottayam,Kerala,10.85,76.27,interstate_state_centroid
Kurwai,vidisha,Madhya Pradesh,22.97,78.65,interstate_state_centroid
Kusmee,balrampur,Uttar Pradesh,26.84,80.94,interstate_state_centroid
L B Nagar,hyderabad,Andhra Pradesh,15.91,79.74,interstate_state_centroid
Ladwa,kurukshetra,Haryana,29.05,76.08,interstate_state_centroid
Lahar,bhind,Madhya Pradesh,22.97,78.65,interstate_state_centroid
Lakhanpuri,kanker,Chhattisgarh,21.27,81.86,interstate_state_centroid
Lakhimpur,lakhimpur,Assam,26.2,92.93,interstate_state_centroid
Lakhnadon,seoni,Madhya Pradesh,22.97,78.65,interstate_state_centroid
Lalbagh,murshidabad,West Bengal,22.98,87.85,interstate_state_centroid
Lalbarra,balaghat,Madhya Pradesh,22.97,78.65,interstate_state_centroid
Lalgarh Jatan,ganganagar,Rajasthan,27.02,74.21,interstate_state_centroid
Lalgudi(Uzhavar Sandhai ),thiruchirappalli,Tamil Nadu,11.12,78.65,interstate_state_centroid
Lalitpur,lalitpur,Uttar Pradesh,26.84,80.94,interstate_state_centroid
Lalsot,dausa,Rajasthan,27.02,74.21,interstate_state_centroid
Lasalgaon,nashik,Maharashtra,19.75,75.71,interstate_state_centroid
Lasalgaon(Niphad),nashik,Maharashtra,19.75,75.71,interstate_state_centroid
Lasalgaon(Vinchur),nashik,Maharashtra,19.75,75.71,interstate_state_centroid
Lashkar,gwalior,Madhya Pradesh,22.97,78.65,interstate_state_centroid
Lashkar(F&V),gwalior,Madhya Pradesh,22.97,78.65,interstate_state_centroid
Lateri,vidisha,Madhya Pradesh,22.97,78.65,interstate_state_centroid
Latur,latur,Maharashtra,19.75,75.71,interstate_state_centroid
LavKush Nagar(Laundi),chhatarpur,Madhya Pradesh,22.97,78.65,interstate_state_centroid
Laxmangarh (Barodamev),alwar,Rajasthan,27.02,74.21,interstate_state_centroid
Laxmeshwar,gadag,Karnataka,15.416692,75.6815801,district_fallback
Laxmi Sopan Agriculture Produce Marketing Co Ltd,sholapur,Maharashtra,19.75,75.71,interstate_state_centroid
Lediyari,prayagraj,Uttar Pradesh,26.84,80.94,interstate_state_centroid
Lehra Gaga,sangrur,Punjab,31.14,75.34,interstate_state_centroid
Limkheda,dahod,Gujarat,22.25,71.19,interstate_state_centroid
Loha,nanded,Maharashtra,19.75,75.71,interstate_state_centroid
Loharda,dewas,Madhya Pradesh,22.97,78.65,interstate_state_centroid
Loharu,bhiwani,Haryana,29.05,76.08,interstate_state_centroid
Lohian Khas,jalandhar,Punjab,31.14,75.34,interstate_state_centroid
Lonand,satara,Maharashtra,19.75,75.71,interstate_state_centroid
Longleng,longleng,Nagaland,26.15,94.56,interstate_state_centroid
Lucknow,lucknow,Uttar Pradesh,26.84,80.94,interstate_state_centroid
Ludhiana,ludhiana,Punjab,31.14,75.34,interstate_state_centroid
Lunkaransar,bikaner,Rajasthan,27.02,74.21,interstate_state_centroid
Machhiwara,ludhiana,Punjab,31.14,75.34,interstate_state_centroid
Madanganj Kishangarh,ajmer,Rajasthan,27.02,74.21,interstate_state_centroid
Madanganj Mahuwa,dausa,Rajasthan,27.02,74.21,interstate_state_centroid
Madanganj Mandawar,dausa,Rajasthan,27.02,74.21,interstate_state_centroid
Maddur,mandya,Karnataka,12.5848984,77.0448679,market
Madhavapuram,alappuzha,Kerala,10.85,76.27,interstate_state_centroid
Madhoganj,hardoi,Uttar Pradesh,26.84,80.94,interstate_state_centroid
Madhugiri,tumkur,Karnataka,13.6589225,77.2090396,market
Madlauda,panipat,Haryana,29.05,76.08,interstate_state_centroid
Magroni,shivpuri,Madhya Pradesh,22.97,78.65,interstate_state_centroid
Mahabubnagar(Rythu Bazar),mahbubnagar,Andhra Pradesh,15.91,79.74,interstate_state_centroid
Mahboob Manison,hyderabad,Andhra Pradesh,15.91,79.74,interstate_state_centroid
Mahidpur,ujjain,Madhya Pradesh,22.97,78.65,interstate_state_centroid
Mahidpur(F&V),ujjain,Madhya Pradesh,22.97,78.65,interstate_state_centroid
Mahoba,mahoba,Uttar Pradesh,26.84,80.94,interstate_state_centroid
Mahuva(Station Road),bhavnagar,Gujarat,22.25,71.19,interstate_state_centroid
Mailaduthurai,nagapattinam,Tamil Nadu,11.12,78.65,interstate_state_centroid
Mainpuri,mainpuri,Uttar Pradesh,26.84,80.94,interstate_state_centroid
Majalgaon,beed,Maharashtra,19.75,75.71,interstate_state_centroid
Maksi,shajapur,Madhya Pradesh,22.97,78.65,interstate_state_centroid
Maksudangarh,guna,Madhya Pradesh,22.97,78.65,interstate_state_centroid
Malegaon,nashik,Maharashtra,19.75,75.71,interstate_state_centroid
Malerkotla,sangrur,Punjab,31.14,75.34,interstate_state_centroid
Malharshree Farmers Producer Co Ltd,nashik,Maharashtra,19.75,75.71,interstate_state_centroid
Malkanagiri,malkangiri,Orissa,20.95,85.09,interstate_state_centroid
Malkangiri(Korakunda),malkangiri,Orissa,20.95,85.09,interstate_state_centroid
Malout,muktsar,Punjab,31.14,75.34,interstate_state_centroid
Malpura,tonk,Rajasthan,27.02,74.21,interstate_state_centroid
Malthone,sagar,Madhya Pradesh,22.97,78.65,interstate_state_centroid
Malur,kolar,Karnataka,13.0058697,77.9393648,market
Manachanallur(Uzhavar Sandhai ),thiruchirappalli,Tamil Nadu,11.12,78.65,interstate_state_centroid
Manapparai(Uzhavar Sandhai ),thiruchirappalli,Tamil Nadu,11.12,78.65,interstate_state_centroid
Manasa,neemuch,Madhya Pradesh,22.97,78.65,interstate_state_centroid
Manawar,dhar,Madhya Pradesh,22.97,78.65,interstate_state_centroid
Manawar(F&V),dhar,Madhya Pradesh,22.97,78.65,interstate_state_centroid
Manchar,pune,Maharashtra,19.75,75.71,interstate_state_centroid
Mancharial,adilabad,Andhra Pradesh,15.91,79.74,interstate_state_centroid
Mandal,ahmedabad,Gujarat,22.25,71.19,interstate_state_centroid
Mandawari,dausa,Rajasthan,27.02,74.21,interstate_state_centroid
Mandi(Mandi),mandi,Himachal Pradesh,31.1,77.17,interstate_state_centroid
Mandi(Takoli),mandi,Himachal Pradesh,31.1,77.17,interstate_state_centroid
Mandla,mandla,Madhya Pradesh,22.97,78.65,interstate_state_centroid
Mandsaur,mandsaur,Madhya Pradesh,22.97,78.65,interstate_state_centroid
Mandsaur(F&V),mandsaur,Madhya Pradesh,22.97,78.65,interstate_state_centroid
Mandvi,surat,Gujarat,22.25,71.19,interstate_state_centroid
Mandya,mandya,Karnataka,12.5238888,76.8961961,market
Mangal Wedha,sholapur,Maharashtra,19.75,75.71,interstate_state_centroid
Mangaon,raigad,Maharashtra,19.75,75.71,interstate_state_centroid
Mangkolemba,mokokchung,Nagaland,26.15,94.56,interstate_state_centroid
Manjeri,malappuram,Kerala,10.85,76.27,interstate_state_centroid
Manjhanpur,kaushambi,Uttar Pradesh,26.84,80.94,interstate_state_centroid
Mankamneshwar Farmar Producer CoLtd Sanchalit Mank,nashik,Maharashtra,19.75,75.71,interstate_state_centroid
Manmad,nashik,Maharashtra,19.75,75.71,interstate_state_centroid
Mannar,alappuzha,Kerala,10.85,76.27,interstate_state_centroid
Mannargudi,thiruvarur,Tamil Nadu,11.12,78.65,interstate_state_centroid
Mannargudi I(Uzhavar Sandhai ),thiruvarur,Tamil Nadu,11.12,78.65,interstate_state_centroid
Mannargudi II(Uzhavar Sandhai ),thiruvarur,Tamil Nadu,11.12,78.65,interstate_state_centroid
Mannarkudi,thiruvarur,Tamil Nadu,11.12,78.65,interstate_state_centroid
Mansa,gandhinagar,Gujarat,22.25,71.19,interstate_state_centroid
Mansa(Manas Veg Yard),gandhinagar,Gujarat,22.25,71.19,interstate_state_centroid
Mansi Mandi,khagaria,Bihar,25.09,85.31,interstate_state_centroid
Manvi,raichur,Karnataka,15.9967483,77.0481181,market
Manwat,parbhani,Maharashtra,19.75,75.71,interstate_state_centroid
Mapusa,north goa,Goa,15.29,74.12,interstate_state_centroid
Mariani,jorhat,Assam,26.2,92.93,interstate_state_centroid
Mathabhanga,coochbehar,West Bengal,22.98,87.85,interstate_state_centroid
Mathura,mathura,Uttar Pradesh,26.84,80.94,interstate_state_centroid
Maudaha,hamirpur,Himachal Pradesh,31.1,77.17,interstate_state_centroid
Mauranipur,jhansi,Uttar Pradesh,26.84,80.94,interstate_state_centroid
Mawana,meerut,Uttar Pradesh,26.84,80.94,interstate_state_centroid
Mawiong Regulated Market,east khasi hills,Meghalaya,25.46,91.36,interstate_state_centroid
Mayiladuthurai(Uzhavar Sandhai ),nagapattinam,Tamil Nadu,11.12,78.65,interstate_state_centroid
Meerut,meerut,Uttar Pradesh,26.84,80.94,interstate_state_centroid
Meham,rohtak,Haryana,29.05,76.08,interstate_state_centroid
Mehar,satna,Madhya Pradesh,22.97,78.65,interstate_state_centroid
Mehatpur,jalandhar,Punjab,31.14,75.34,interstate_state_centroid
Mehgaon,bhind,Madhya Pradesh,22.97,78.65,interstate_state_centroid
Mehmadabad,kheda,Gujarat,22.25,71.19,interstate_state_centroid
Mehmoodabad,sitapur,Uttar Pradesh,26.84,80.94,interstate_state_centroid
Mehrauni,lalitpur,Uttar Pradesh,26.84,80.94,interstate_state_centroid
Mehta,amritsar,Punjab,31.14,75.34,interstate_state_centroid
Melapalayam(Uzhavar Sandhai ),thirunelveli,Tamil Nadu,11.12,78.65,interstate_state_centroid
Melur,madurai,Tamil Nadu,11.12,78.65,interstate_state_centroid
Melur(Uzhavar Sandhai ),madurai,Tamil Nadu,11.12,78.65,interstate_state_centroid
Mettupalayam(Uzhavar Sandhai ),coimbatore,Tamil Nadu,11.12,78.65,interstate_state_centroid
Mettur(Uzhavar Sandhai ),salem,Tamil Nadu,11.12,78.65,interstate_state_centroid
Mhow,indore,Madhya Pradesh,22.97,78.65,interstate_state_centroid
Mhow(F&V),indore,Madhya Pradesh,22.97,78.65,interstate_state_centroid
Milak,rampur,Uttar Pradesh,26.84,80.94,interstate_state_centroid
Miryalguda(Rythu Bazar),nalgonda,Andhra Pradesh,15.91,79.74,interstate_state_centroid
Mirzapur,mirzapur,Uttar Pradesh,26.84,80.94,interstate_state_centroid
Moga,moga,Punjab,31.14,75.34,interstate_state_centroid
Mohanur(Uzhavar Sandhai ),namakkal,Tamil Nadu,11.12,78.65,interstate_state_centroid
Mohgaon,balaghat,Madhya Pradesh,22.97,78.65,interstate_state_centroid
Mokokchung Town,mokokchung,Nagaland,26.15,94.56,interstate_state_centroid
Momanbadodiya,shajapur,Madhya Pradesh,22.97,78.65,interstate_state_centroid
Moovattupuzha,ernakulam,Kerala,10.85,76.27,interstate_state_centroid
Morena,morena,Madhya Pradesh,22.97,78.65,interstate_state_centroid
Morena(F&V),morena,Madhya Pradesh,22.97,78.65,interstate_state_centroid
Morshi,amarawati,Maharashtra,19.75,75.71,interstate_state_centroid
Moth,jhansi,Uttar Pradesh,26.84,80.94,interstate_state_centroid
Mottagaon,dhenkanal,Orissa,20.95,85.09,interstate_state_centroid
Mow,bhind,Madhya Pradesh,22.97,78.65,interstate_state_centroid
Moynaguri,jalpaiguri,West Bengal,22.98,87.85,interstate_state_centroid
Mudkhed,nanded,Maharashtra,19.75,75.71,interstate_state_centroid
Mugrabaadshahpur,jaunpur,Uttar Pradesh,26.84,80.94,interstate_state_centroid
Mukerian,hoshiarpur,Punjab,31.14,75.34,interstate_state_centroid
Mukerian(Talwara),hoshiarpur,Punjab,31.14,75.34,interstate_state_centroid
Muktsar,muktsar,Punjab,31.14,75.34,interstate_state_centroid
Mulabagilu,kolar,Karnataka,13.1660479,78.3927241,market
Mullana,ambala,Haryana,29.05,76.08,interstate_state_centroid
Multai,betul,Madhya Pradesh,22.97,78.65,interstate_state_centroid
Mumbai,mumbai,Maharashtra,19.75,75.71,interstate_state_centroid
Munnar,idukki,Kerala,10.85,76.27,interstate_state_centroid
Muradabad,sambhal,Uttar Pradesh,26.84,80.94,interstate_state_centroid
Muradnagar,ghaziabad,Uttar Pradesh,26.84,80.94,interstate_state_centroid
Murbad,thane,Maharashtra,19.75,75.71,interstate_state_centroid
Murliganj,madhepura,Bihar,25.09,85.31,interstate_state_centroid
Murtizapur,akola,Maharashtra,19.75,75.71,interstate_state_centroid
Murud,raigad,Maharashtra,19.75,75.71,interstate_state_centroid
Muskara,hamirpur,Himachal Pradesh,31.1,77.17,interstate_state_centroid
Mustafabad,yamuna nagar,Haryana,29.05,76.08,interstate_state_centroid
Muthupettai(Uzhavar Sandhai ),thiruvarur,Tamil Nadu,11.12,78.65,interstate_state_centroid
Muzaffarpur,muzaffarpur,Bihar,25.09,85.31,interstate_state_centroid
Muzzafarnagar,muzaffarnagar,Uttar Pradesh,26.84,80.94,interstate_state_centroid
Mysore (Bandipalya),mysore,Karnataka,12.3059327,76.6403692,market
NGO Colony(Uzhavar Sandhai ),thirunelveli,Tamil Nadu,11.12,78.65,interstate_state_centroid
Naanpara,bahraich,Uttar Pradesh,26.84,80.94,interstate_state_centroid
Nabha,patiala,Punjab,31.14,75.34,interstate_state_centroid
Nadia,nadia,West Bengal,22.98,87.85,interstate_state_centroid
Nadiad,kheda,Gujarat,22.25,71.19,interstate_state_centroid
Nadiyad(Chaklasi),kheda,Gujarat,22.25,71.19,interstate_state_centroid
Nadiyad(Piplag),kheda,Gujarat,22.25,71.19,interstate_state_centroid
Nadwai,bharatpur,Rajasthan,27.02,74.21,interstate_state_centroid
Nagamangala,mandya,Karnataka,12.8196077,76.7542189,market
Nagapattinam,nagapattinam,Tamil Nadu,11.12,78.65,interstate_state_centroid
Nagapattinam(Uzhavar Sandhai ),nagapattinam,Tamil Nadu,11.12,78.65,interstate_state_centroid
Nagda,ujjain,Madhya Pradesh,22.97,78.65,interstate_state_centroid
Nagina,bijnor,Uttar Pradesh,26.84,80.94,interstate_state_centroid
Naginimora,mon,Nagaland,26.15,94.56,interstate_state_centroid
Nagod,satna,Madhya Pradesh,22.97,78.65,interstate_state_centroid
Nagour(FV),nagaur,Rajasthan,27.02,74.21,interstate_state_centroid
Nagpur,nagpur,Maharashtra,19.75,75.71,interstate_state_centroid
Naila,janjgir,Chhattisgarh,21.27,81.86,interstate_state_centroid
Nainpur,mandla,Madhya Pradesh,22.97,78.65,interstate_state_centroid
Najafgarh,delhi,Delhi,28.7,77.1,interstate_state_centroid
Najibabad,bijnor,Uttar Pradesh,26.84,80.94,interstate_state_centroid
Nakodar,jalandhar,Punjab,31.14,75.34,interstate_state_centroid
Nalbari,nalbari,Assam,26.2,92.93,interstate_state_centroid
Nalkehda,shajapur,Madhya Pradesh,22.97,78.65,interstate_state_centroid
Namagiripettai,namakkal,Tamil Nadu,11.12,78.65,interstate_state_centroid
Namakkal,namakkal,Tamil Nadu,11.12,78.65,interstate_state_centroid
Namakkal(Uzhavar Sandhai ),namakkal,Tamil Nadu,11.12,78.65,interstate_state_centroid
Namhol(Bilaspur),bilaspur,Chhattisgarh,21.27,81.86,interstate_state_centroid
Nampur,nashik,Maharashtra,19.75,75.71,interstate_state_centroid
Nanded,nanded,Maharashtra,19.75,75.71,interstate_state_centroid
Nandgaon,nashik,Maharashtra,19.75,75.71,interstate_state_centroid
Nandgaon Khandeshwar,amarawati,Maharashtra,19.75,75.71,interstate_state_centroid
Nandurbar,nandurbar,Maharashtra,19.75,75.71,interstate_state_centroid
Nanjangud,mysore,Karnataka,12.1276786,76.6811152,market
Naraingarh,ambala,Haryana,29.05,76.08,interstate_state_centroid
Narela,delhi,Delhi,28.7,77.1,interstate_state_centroid
Nargunda,gadag,Karnataka,15.416692,75.6815801,district_fallback
Narsinghgarh,rajgarh,Madhya Pradesh,22.97,78.65,interstate_state_centroid
Narsinghpur,narsinghpur,Madhya Pradesh,22.97,78.65,interstate_state_centroid
Narwal Jammu (F&V),jammu,Jammu & Kashmir,33.77,76.57,interstate_state_centroid
Narwana,jind,Haryana,29.05,76.08,interstate_state_centroid
Nasik,nashik,Maharashtra,19.75,75.71,interstate_state_centroid
Natwar,rohtas,Bihar,25.09,85.31,interstate_state_centroid
Naugaon,chhatarpur,Madhya Pradesh,22.97,78.65,interstate_state_centroid
Nautnava,maharajganj,Uttar Pradesh,26.84,80.94,interstate_state_centroid
Navapur,nandurbar,Maharashtra,19.75,75.71,interstate_state_centroid
Navsari,navsari,Gujarat,22.25,71.19,interstate_state_centroid
Nawabganj,gonda,Uttar Pradesh,26.84,80.94,interstate_state_centroid
Nawan Shahar(Mandi Aur),nawanshahr,Punjab,31.14,75.34,interstate_state_centroid
Nawan Shahar(Subzi Mandi),nawanshahr,Punjab,31.14,75.34,interstate_state_centroid
Nawanshahar,nawanshahr,Punjab,31.14,75.34,interstate_state_centroid
Nedumkandam,idukki,Kerala,10.85,76.27,interstate_state_centroid
Needamangalam(Uzhavar Sandhai ),thiruvarur,Tamil Nadu,11.12,78.65,interstate_state_centroid
Neemuch,neemuch,Madhya Pradesh,22.97,78.65,interstate_state_centroid
Neora,raipur,Chhattisgarh,21.27,81.86,interstate_state_centroid
"New Grain Market , Faridabad",faridabad,Haryana,29.05,76.08,interstate_state_centroid
"New Grain Market , Panchkula",panchkula,Haryana,29.05,76.08,interstate_state_centroid
"New Grain Market(main), Karnal",karnal,Haryana,29.05,76.08,interstate_state_centroid
Newasa,ahmednagar,Maharashtra,19.75,75.71,interstate_state_centroid
Newasa(Ghodegaon),ahmednagar,Maharashtra,19.75,75.71,interstate_state_centroid
Neyyatinkara,thiruvananthapuram,Kerala,10.85,76.27,interstate_state_centroid
Nihal Singh Wala,moga,Punjab,31.14,75.34,interstate_state_centroid
Nilanga,latur,Maharashtra,19.75,75.71,interstate_state_centroid
Nimapara,puri,Orissa,20.95,85.09,interstate_state_centroid
Nimbahera,chittorgarh,Rajasthan,27.02,74.21,interstate_state_centroid
Nira,pune,Maharashtra,19.75,75.71,interstate_state_centroid
Nira(Saswad),pune,Maharashtra,19.75,75.71,interstate_state_centroid
Niwadi,tikamgarh,Madhya Pradesh,22.97,78.65,interstate_state_centroid
Niwai,tonk,Rajasthan,27.02,74.21,interstate_state_centroid
Nizamabad,nizamabad,Andhra Pradesh,15.91,79.74,interstate_state_centroid
Nizar,surat,Gujarat,22.25,71.19,interstate_state_centroid
Nohar,hanumangarh,Rajasthan,27.02,74.21,interstate_state_centroid
Noida,ghaziabad,Uttar Pradesh,26.84,80.94,interstate_state_centroid
Nokha,bikaner,Rajasthan,27.02,74.21,interstate_state_centroid
Nokha,rohtas,Bihar,25.09,85.31,interstate_state_centroid
Nongstoin,west khasi hills,Meghalaya,25.46,91.36,interstate_state_centroid
Noor Mehal,jalandhar,Punjab,31.14,75.34,interstate_state_centroid
North Paravur,ernakulam,Kerala,10.85,76.27,interstate_state_centroid
Nuh,mewat,Haryana,29.05,76.08,interstate_state_centroid
Nuiland,dimapur,Nagaland,26.15,94.56,interstate_state_centroid
Obedullaganj,raisen,Madhya Pradesh,22.97,78.65,interstate_state_centroid
Om Chaitanya Multistate Agro Purpose CoOp Society,ahmednagar,Maharashtra,19.75,75.71,interstate_state_centroid
Paatan,jabalpur,Madhya Pradesh,22.97,78.65,interstate_state_centroid
Pachaur,rajgarh,Madhya Pradesh,22.97,78.65,interstate_state_centroid
Pachora,jalgaon,Maharashtra,19.75,75.71,interstate_state_centroid
Padampur,bargarh,Orissa,20.95,85.09,interstate_state_centroid
Padampur,ganganagar,Rajasthan,27.02,74.21,interstate_state_centroid
Padappai(Uzhavar Sandhai ),kancheepuram,Tamil Nadu,11.12,78.65,interstate_state_centroid
Pakhanjur,kanker,Chhattisgarh,21.27,81.86,interstate_state_centroid
Pala,kottayam,Kerala,10.85,76.27,interstate_state_centroid
Palacode(Uzhavar Sandhai ),dharmapuri,Tamil Nadu,11.12,78.65,interstate_state_centroid
Palakode,dharmapuri,Tamil Nadu,11.12,78.65,interstate_state_centroid
Palampur,kangra,Himachal Pradesh,31.1,77.17,interstate_state_centroid
Palanganatham(Uzhavar Sandhai ),madurai,Tamil Nadu,11.12,78.65,interstate_state_centroid
Palani,dindigul,Tamil Nadu,11.12,78.65,interstate_state_centroid
Palani(Uzhavar Sandhai ),dindigul,Tamil Nadu,11.12,78.65,interstate_state_centroid
Palari,seoni,Madhya Pradesh,22.97,78.65,interstate_state_centroid
Palayamkottai(Uzhavar Sandhai ),thirunelveli,Tamil Nadu,11.12,78.65,interstate_state_centroid
Palera,tikamgarh,Madhya Pradesh,22.97,78.65,interstate_state_centroid
Palghar,thane,Maharashtra,19.75,75.71,interstate_state_centroid
Pali,pali,Rajasthan,27.02,74.21,interstate_state_centroid
Paliakala,lakhimpur,Assam,26.2,92.93,interstate_state_centroid
Palitana,bhavnagar,Gujarat,22.25,71.19,interstate_state_centroid
Palladam,coimbatore,Tamil Nadu,11.12,78.65,interstate_state_centroid
Palsana,sikar,Rajasthan,27.02,74.21,interstate_state_centroid
Palus,sangli,Maharashtra,19.75,75.71,interstate_state_centroid
Palwal,palwal,Haryana,29.05,76.08,interstate_state_centroid
Pamohi(Garchuk),kamrup,Assam,26.2,92.93,interstate_state_centroid
Pampady,kottayam,Kerala,10.85,76.27,interstate_state_centroid
Panchkul(Kalka),panchkula,Haryana,29.05,76.08,interstate_state_centroid
Panchpedwa,balrampur,Uttar Pradesh,26.84,80.94,interstate_state_centroid
Pandhana,khandwa,Madhya Pradesh,22.97,78.65,interstate_state_centroid
Pandhana(F&V),khandwa,Madhya Pradesh,22.97,78.65,interstate_state_centroid
Pandharpur,sholapur,Maharashtra,19.75,75.71,interstate_state_centroid
Pandhurna,chhindwara,Madhya Pradesh,22.97,78.65,interstate_state_centroid
Pandua,hooghly,West Bengal,22.98,87.85,interstate_state_centroid
Panipat,panipat,Haryana,29.05,76.08,interstate_state_centroid
Panna,panna,Madhya Pradesh,22.97,78.65,interstate_state_centroid
Panruti,cuddalore,Tamil Nadu,11.12,78.65,interstate_state_centroid
Panruti(Uzhavar Sandhai ),cuddalore,Tamil Nadu,11.12,78.65,interstate_state_centroid
Panvel,raigad,Maharashtra,19.75,75.71,interstate_state_centroid
Papanasam,thanjavur,Tamil Nadu,11.12,78.65,interstate_state_centroid
Papanasam(Uzhavar Sandhai ),thanjavur,Tamil Nadu,11.12,78.65,interstate_state_centroid
Parali Vaijyanath,beed,Maharashtra,19.75,75.71,interstate_state_centroid
Paramakudi,ramanathapuram,Tamil Nadu,11.12,78.65,interstate_state_centroid
Paramakudi(Uzhavar Sandhai ),ramanathapuram,Tamil Nadu,11.12,78.65,interstate_state_centroid
Paramathivelur(Uzhavar Sandhai ),namakkal,Tamil Nadu,11.12,78.65,interstate_state_centroid
Parappanangadi,malappuram,Kerala,10.85,76.27,interstate_state_centroid
Parassala,thiruvananthapuram,Kerala,10.85,76.27,interstate_state_centroid
Parbhani,parbhani,Maharashtra,19.75,75.71,interstate_state_centroid
Parikshitgarh,meerut,Uttar Pradesh,26.84,80.94,interstate_state_centroid
Parlakhemundi,gajapati,Orissa,20.95,85.09,interstate_state_centroid
Parner,ahmednagar,Maharashtra,19.75,75.71,interstate_state_centroid
Parola,jalgaon,Maharashtra,19.75,75.71,interstate_state_centroid
Parshiwani,nagpur,Maharashtra,19.75,75.71,interstate_state_centroid
Partaval,maharajganj,Uttar Pradesh,26.84,80.94,interstate_state_centroid
Patan,patan,Gujarat,22.25,71.19,interstate_state_centroid
Patan,satara,Maharashtra,19.75,75.71,interstate_state_centroid
Pataudi,gurgaon,Haryana,29.05,76.08,interstate_state_centroid
Pathalgaon,jashpur,Chhattisgarh,21.27,81.86,interstate_state_centroid
Pathardi,ahmednagar,Maharashtra,19.75,75.71,interstate_state_centroid
Pathari,parbhani,Maharashtra,19.75,75.71,interstate_state_centroid
Patharia,damoh,Madhya Pradesh,22.97,78.65,interstate_state_centroid
Patiala,patiala,Punjab,31.14,75.34,interstate_state_centroid
Patna (Musallahpur),patna,Bihar,25.09,85.31,interstate_state_centroid
Patran,patiala,Punjab,31.14,75.34,interstate_state_centroid
Pattamundai,kendrapara,Orissa,20.95,85.09,interstate_state_centroid
Pattikonda,kurnool,Andhra Pradesh,15.91,79.74,interstate_state_centroid
Pattukottai,thanjavur,Tamil Nadu,11.12,78.65,interstate_state_centroid
Pattukottai(Uzhavar Sandhai ),thanjavur,Tamil Nadu,11.12,78.65,interstate_state_centroid
Patur,akola,Maharashtra,19.75,75.71,interstate_state_centroid
Pawai,panna,Madhya Pradesh,22.97,78.65,interstate_state_centroid
Payagpur,shravasti,Uttar Pradesh,26.84,80.94,interstate_state_centroid
Pehowa,kurukshetra,Haryana,29.05,76.08,interstate_state_centroid
Pen,raigad,Maharashtra,19.75,75.71,interstate_state_centroid
Pendraroad,bilaspur,Chhattisgarh,21.27,81.86,interstate_state_centroid
Pennagaram,dharmapuri,Tamil Nadu,11.12,78.65,interstate_state_centroid
Pennagaram(Uzhavar Sandhai ),dharmapuri,Tamil Nadu,11.12,78.65,interstate_state_centroid
Perambalur(Uzhavar Sandhai ),perambalur,Tamil Nadu,11.12,78.65,interstate_state_centroid
Perinthalmanna,malappuram,Kerala,10.85,76.27,interstate_state_centroid
Periyakulam(Uzhavar Sandhai ),theni,Tamil Nadu,11.12,78.65,interstate_state_centroid
Perumbavoor,ernakulam,Kerala,10.85,76.27,interstate_state_centroid
Perundurai,erode,Tamil Nadu,11.12,78.65,interstate_state_centroid
Perundurai(Uzhavar Sandhai ),erode,Tamil Nadu,11.12,78.65,interstate_state_centroid
Petlawad,jhabua,Madhya Pradesh,22.97,78.65,interstate_state_centroid
Petlawad(F&V),jhabua,Madhya Pradesh,22.97,78.65,interstate_state_centroid
Pfatsero,phek,Nagaland,26.15,94.56,interstate_state_centroid
Phagwara,kapurthala,Punjab,31.14,75.34,interstate_state_centroid
Phaltan,satara,Maharashtra,19.75,75.71,interstate_state_centroid
Phek,phek,Nagaland,26.15,94.56,interstate_state_centroid
Phillaur,jalandhar,Punjab,31.14,75.34,interstate_state_centroid
Phillaur(Apra Mandi),jalandhar,Punjab,31.14,75.34,interstate_state_centroid
Pichhour,shivpuri,Madhya Pradesh,22.97,78.65,interstate_state_centroid
Pilibanga,hanumangarh,Rajasthan,27.02,74.21,interstate_state_centroid
Pillukhera,jind,Haryana,29.05,76.08,interstate_state_centroid
Pimpalgaon,nashik,Maharashtra,19.75,75.71,interstate_state_centroid
Pimpalgaon Baswant(Saykheda),nashik,Maharashtra,19.75,75.71,interstate_state_centroid
Pipariya,hoshangabad,Madhya Pradesh,22.97,78.65,interstate_state_centroid
Pipariya(F&V),hoshangabad,Madhya Pradesh,22.97,78.65,interstate_state_centroid
Pipli,kurukshetra,Haryana,29.05,76.08,interstate_state_centroid
Piplya,mandsaur,Madhya Pradesh,22.97,78.65,interstate_state_centroid
Piravam,ernakulam,Kerala,10.85,76.27,interstate_state_centroid
Piriya Pattana,mysore,Karnataka,12.299678,76.6264083,district_fallback
Piro,bhojpur,Bihar,25.09,85.31,interstate_state_centroid
Pohari,shivpuri,Madhya Pradesh,22.97,78.65,interstate_state_centroid
Pollachi,coimbatore,Tamil Nadu,11.12,78.65,interstate_state_centroid
Pollachi(Uzhavar Sandhai ),coimbatore,Tamil Nadu,11.12,78.65,interstate_state_centroid
Porbandar,porbandar,Gujarat,22.25,71.19,interstate_state_centroid
Porsa,morena,Madhya Pradesh,22.97,78.65,interstate_state_centroid
Porsa(F&V),morena,Madhya Pradesh,22.97,78.65,interstate_state_centroid
Pothencode,thiruvananthapuram,Kerala,10.85,76.27,interstate_state_centroid
Praswada,balaghat,Madhya Pradesh,22.97,78.65,interstate_state_centroid
Pratap Nana Mahale Khajgi Bajar Samiti,dhule,Maharashtra,19.75,75.71,interstate_state_centroid
Pratapgarh,pratapgarh,Rajasthan,27.02,74.21,interstate_state_centroid
Pratapgarh,pratapgarh,Uttar Pradesh,26.84,80.94,interstate_state_centroid
Premium Krushi Utpanna Bazar,nashik,Maharashtra,19.75,75.71,interstate_state_centroid
Prithvipur,tikamgarh,Madhya Pradesh,22.97,78.65,interstate_state_centroid
Pulgaon,wardha,Maharashtra,19.75,75.71,interstate_state_centroid
Punalur,kollam,Kerala,10.85,76.27,interstate_state_centroid
Pundri,kaithal,Haryana,29.05,76.08,interstate_state_centroid
Pune,pune,Maharashtra,19.75,75.71,interstate_state_centroid
Pune(Khadiki),pune,Maharashtra,19.75,75.71,interstate_state_centroid
Pune(Manjri),pune,Maharashtra,19.75,75.71,interstate_state_centroid
Pune(Moshi),pune,Maharashtra,19.75,75.71,interstate_state_centroid
Pune(Pimpri),pune,Maharashtra,19.75,75.71,interstate_state_centroid
Punhana,mewat,Haryana,29.05,76.08,interstate_state_centroid
Purna,parbhani,Maharashtra,19.75,75.71,interstate_state_centroid
Purulia,puruliya,West Bengal,22.98,87.85,interstate_state_centroid
Purwa,unnao,Uttar Pradesh,26.84,80.94,interstate_state_centroid
Puwaha,shahjahanpur,Uttar Pradesh,26.84,80.94,interstate_state_centroid
Quadian,gurdaspur,Punjab,31.14,75.34,interstate_state_centroid
RSPuram(Uzhavar Sandhai ),coimbatore,Tamil Nadu,11.12,78.65,interstate_state_centroid
Raath,hamirpur,Himachal Pradesh,31.1,77.17,interstate_state_centroid
Radaur,yamuna nagar,Haryana,29.05,76.08,interstate_state_centroid
Radhanpur,patan,Gujarat,22.25,71.19,interstate_state_centroid
Raghogarh,guna,Madhya Pradesh,22.97,78.65,interstate_state_centroid
Rahata,ahmednagar,Maharashtra,19.75,75.71,interstate_state_centroid
Rahatgarh,sagar,Madhya Pradesh,22.97,78.65,interstate_state_centroid
Rahuri,ahmednagar,Maharashtra,19.75,75.71,interstate_state_centroid
Rahuri(Songaon),ahmednagar,Maharashtra,19.75,75.71,interstate_state_centroid
Rahuri(Vambori),ahmednagar,Maharashtra,19.75,75.71,interstate_state_centroid
Raichur,raichur,Karnataka,16.1983225,77.3527444,market
Raikot,ludhiana,Punjab,31.14,75.34,interstate_state_centroid
Raipur Rai,panchkula,Haryana,29.05,76.08,interstate_state_centroid
Raisen,raisen,Madhya Pradesh,22.97,78.65,interstate_state_centroid
Rajapalayam(Uzhavar Sandhai ),virudhunagar,Tamil Nadu,11.12,78.65,interstate_state_centroid
Rajgarh,dhar,Madhya Pradesh,22.97,78.65,interstate_state_centroid
Rajgarh(F&V),dhar,Madhya Pradesh,22.97,78.65,interstate_state_centroid
Rajkot,rajkot,Gujarat,22.25,71.19,interstate_state_centroid
Rajkot(Veg.Sub Yard),rajkot,Gujarat,22.25,71.19,interstate_state_centroid
Rajnagar,chhatarpur,Madhya Pradesh,22.97,78.65,interstate_state_centroid
Rajnandgaon,rajnandgaon,Chhattisgarh,21.27,81.86,interstate_state_centroid
Rajouri (F&V),rajouri,Jammu & Kashmir,33.77,76.57,interstate_state_centroid
Rajpur,balrampur,Uttar Pradesh,26.84,80.94,interstate_state_centroid
Rajpura,patiala,Punjab,31.14,75.34,interstate_state_centroid
Rajsamand,rajsamand,Rajasthan,27.02,74.21,interstate_state_centroid
Rajula,amreli,Gujarat,22.25,71.19,interstate_state_centroid
Ramanagara,bangalore,Karnataka,12.9358977,77.5207378,market
Ramanathapuram(Uzhavar Sandhai ),ramanathapuram,Tamil Nadu,11.12,78.65,interstate_state_centroid
Ramanathapuram(phase 3),ramanathapuram,Tamil Nadu,11.12,78.65,interstate_state_centroid
Ramanujganj,balrampur,Uttar Pradesh,26.84,80.94,interstate_state_centroid
Ramdurga,belgaum,Karnataka,15.8505507,74.5069395,district_fallback
Ramganjmandi,kota,Rajasthan,27.02,74.21,interstate_state_centroid
Ramkrishanpur(Howrah),howrah,West Bengal,22.98,87.85,interstate_state_centroid
Ramnagar,satna,Madhya Pradesh,22.97,78.65,interstate_state_centroid
Rampur,rampur,Uttar Pradesh,26.84,80.94,interstate_state_centroid
Rampurhat,birbhum,West Bengal,22.98,87.85,interstate_state_centroid
Rampurmaniharan,saharanpur,Uttar Pradesh,26.84,80.94,interstate_state_centroid
Ramtek,nagpur,Maharashtra,19.75,75.71,interstate_state_centroid
Ranaghat,nadia,West Bengal,22.98,87.85,interstate_state_centroid
Ranebennur,haveri,Karnataka,14.6165795,75.6341529,market
Rani,pali,Rajasthan,27.02,74.21,interstate_state_centroid
Rania,sirsa,Haryana,29.05,76.08,interstate_state_centroid
Rania(Jiwan nagar),sirsa,Haryana,29.05,76.08,interstate_state_centroid
Ranipettai(Uzhavar Sandhai ),ranipet,Tamil Nadu,11.12,78.65,interstate_state_centroid
Rannod,shivpuri,Madhya Pradesh,22.97,78.65,interstate_state_centroid
Rasda,ballia,Uttar Pradesh,26.84,80.94,interstate_state_centroid
Rasipuram,namakkal,Tamil Nadu,11.12,78.65,interstate_state_centroid
Rasipuram(Uzhavar Sandhai ),namakkal,Tamil Nadu,11.12,78.65,interstate_state_centroid
Ratia,fatehabad,Haryana,29.05,76.08,interstate_state_centroid
Ratlam,ratlam,Madhya Pradesh,22.97,78.65,interstate_state_centroid
Ratlam(F&V),ratlam,Madhya Pradesh,22.97,78.65,interstate_state_centroid
Ratnagiri (Nachane),ratnagiri,Maharashtra,19.75,75.71,interstate_state_centroid
Raver,jalgaon,Maharashtra,19.75,75.71,interstate_state_centroid
Raver(Sauda),jalgaon,Maharashtra,19.75,75.71,interstate_state_centroid
Rawatsar,hanumangarh,Rajasthan,27.02,74.21,interstate_state_centroid
Rayagada,rayagada,Orissa,20.95,85.09,interstate_state_centroid
Rayagada(Muniguda),rayagada,Orissa,20.95,85.09,interstate_state_centroid
Rayya,amritsar,Punjab,31.14,75.34,interstate_state_centroid
Reasi,udhampur,Jammu & Kashmir,33.77,76.57,interstate_state_centroid
Rehli,sagar,Madhya Pradesh,22.97,78.65,interstate_state_centroid
Rewa,rewa,Madhya Pradesh,22.97,78.65,interstate_state_centroid
Rewa(F&V),rewa,Madhya Pradesh,22.97,78.65,interstate_state_centroid
Rewari,rewari,Haryana,29.05,76.08,interstate_state_centroid
Richha,bareilly,Uttar Pradesh,26.84,80.94,interstate_state_centroid
Robertsganj,sonbhadra,Uttar Pradesh,26.84,80.94,interstate_state_centroid
Rohroo,shimla,Himachal Pradesh,31.1,77.17,interstate_state_centroid
Rohtak,rohtak,Haryana,29.05,76.08,interstate_state_centroid
Rongram,west garo hills,Meghalaya,25.46,91.36,interstate_state_centroid
Rudauli,ayodhya,Uttar Pradesh,26.84,80.94,interstate_state_centroid
Sabalgarh,morena,Madhya Pradesh,22.97,78.65,interstate_state_centroid
Sabalgarh(F&V),morena,Madhya Pradesh,22.97,78.65,interstate_state_centroid
Sadasivpet,medak,Andhra Pradesh,15.91,79.74,interstate_state_centroid
Sadhaura,yamuna nagar,Haryana,29.05,76.08,interstate_state_centroid
Sadulshahar,ganganagar,Rajasthan,27.02,74.21,interstate_state_centroid
Safdarganj,barabanki,Uttar Pradesh,26.84,80.94,interstate_state_centroid
Safidon,jind,Haryana,29.05,76.08,interstate_state_centroid
Sagar,sagar,Madhya Pradesh,22.97,78.65,interstate_state_centroid
Sagar(F&V),sagar,Madhya Pradesh,22.97,78.65,interstate_state_centroid
Saharanpur,saharanpur,Uttar Pradesh,26.84,80.94,interstate_state_centroid
Saharpada,keonjhar,Orissa,20.95,85.09,interstate_state_centroid
Sahidngar,bhadrak,Orissa,20.95,85.09,interstate_state_centroid
Sahnewal,ludhiana,Punjab,31.14,75.34,interstate_state_centroid
Saidpurhat,samastipur,Bihar,25.09,85.31,interstate_state_centroid
Sailana,ratlam,Madhya Pradesh,22.97,78.65,interstate_state_centroid
Sailana(F&V),ratlam,Madhya Pradesh,22.97,78.65,interstate_state_centroid
Sainthia,birbhum,West Bengal,22.98,87.85,interstate_state_centroid
Sakri,dhule,Maharashtra,19.75,75.71,interstate_state_centroid
Samalkha,panipat,Haryana,29.05,76.08,interstate_state_centroid
Samana,patiala,Punjab,31.14,75.34,interstate_state_centroid
Sambalpur,kanker,Chhattisgarh,21.27,81.86,interstate_state_centroid
Sambhal,sambhal,Uttar Pradesh,26.84,80.94,interstate_state_centroid
Sami,patan,Gujarat,22.25,71.19,interstate_state_centroid
Sampath Nagar(Uzhavar Sandhai ),erode,Tamil Nadu,11.12,78.65,interstate_state_centroid
Sampla,rohtak,Haryana,29.05,76.08,interstate_state_centroid
Samrala,ludhiana,Punjab,31.14,75.34,interstate_state_centroid
Samsabad,agra,Uttar Pradesh,26.84,80.94,interstate_state_centroid
Sanad,ahmedabad,Gujarat,22.25,71.19,interstate_state_centroid
Sanawad,khargone,Madhya Pradesh,22.97,78.65,interstate_state_centroid
Sanawad(F&V),khandwa,Madhya Pradesh,22.97,78.65,interstate_state_centroid
Sandi,hardoi,Uttar Pradesh,26.84,80.94,interstate_state_centroid
Sandila,hardoi,Uttar Pradesh,26.84,80.94,interstate_state_centroid
Sangamner,ahmednagar,Maharashtra,19.75,75.71,interstate_state_centroid
Sangarapuram,villupuram,Tamil Nadu,11.12,78.65,interstate_state_centroid
Sangareddy,medak,Andhra Pradesh,15.91,79.74,interstate_state_centroid
Sangli,sangli,Maharashtra,19.75,75.71,interstate_state_centroid
"Sangli(Phale, Bhajipura Market)",sangli,Maharashtra,19.75,75.71,interstate_state_centroid
Sangriya,hanumangarh,Rajasthan,27.02,74.21,interstate_state_centroid
Sangrur,sangrur,Punjab,31.14,75.34,interstate_state_centroid
Sankarankovil,thirunelveli,Tamil Nadu,11.12,78.65,interstate_state_centroid
Sankeshwar,belgaum,Karnataka,12.9484838,77.5697866,market
Santoshgarah,una,Himachal Pradesh,31.1,77.17,interstate_state_centroid
Santoshgarh,una,Himachal Pradesh,31.1,77.17,interstate_state_centroid
Sanwer,indore,Madhya Pradesh,22.97,78.65,interstate_state_centroid
Sarangpur,rajgarh,Madhya Pradesh,22.97,78.65,interstate_state_centroid
Sarankul,nayagarh,Orissa,20.95,85.09,interstate_state_centroid
Sardhana,meerut,Uttar Pradesh,26.84,80.94,interstate_state_centroid
Sasaram,rohtas,Bihar,25.09,85.31,interstate_state_centroid
Sasthamkotta,kollam,Kerala,10.85,76.27,interstate_state_centroid
Satana,nashik,Maharashtra,19.75,75.71,interstate_state_centroid
Satara,satara,Maharashtra,19.75,75.71,interstate_state_centroid
Sathiyamagalam(Uzhavar Sandhai ),erode,Tamil Nadu,11.12,78.65,interstate_state_centroid
Sathur,virudhunagar,Tamil Nadu,11.12,78.65,interstate_state_centroid
Sathur(Uzhavar Sandhai ),virudhunagar,Tamil Nadu,11.12,78.65,interstate_state_centroid
Sathyamangalam,erode,Tamil Nadu,11.12,78.65,interstate_state_centroid
Satna,satna,Madhya Pradesh,22.97,78.65,interstate_state_centroid
Satna(F&V),satna,Madhya Pradesh,22.97,78.65,interstate_state_centroid
Saunsar,chhindwara,Madhya Pradesh,22.97,78.65,interstate_state_centroid
Savarkundla,amreli,Gujarat,22.25,71.19,interstate_state_centroid
Savner,nagpur,Maharashtra,19.75,75.71,interstate_state_centroid
Sealdah Koley Market,kolkata,West Bengal,22.98,87.85,interstate_state_centroid
Segaon,khargone,Madhya Pradesh,22.97,78.65,interstate_state_centroid
Sehjanwa,gorakhpur,Uttar Pradesh,26.84,80.94,interstate_state_centroid
Sehora,jabalpur,Madhya Pradesh,22.97,78.65,interstate_state_centroid
Selu,parbhani,Maharashtra,19.75,75.71,interstate_state_centroid
Semriharchand,hoshangabad,Madhya Pradesh,22.97,78.65,interstate_state_centroid
Seoni,seoni,Madhya Pradesh,22.97,78.65,interstate_state_centroid
Sevda,datia,Madhya Pradesh,22.97,78.65,interstate_state_centroid
Shadnagar,mahbubnagar,Andhra Pradesh,15.91,79.74,interstate_state_centroid
Shahabad,kurukshetra,Haryana,29.05,76.08,interstate_state_centroid
Shahabad,rampur,Uttar Pradesh,26.84,80.94,interstate_state_centroid
Shahabad(New Mandi),hardoi,Uttar Pradesh,26.84,80.94,interstate_state_centroid
Shahada,nandurbar,Maharashtra,19.75,75.71,interstate_state_centroid
Shahagarh,sagar,Madhya Pradesh,22.97,78.65,interstate_state_centroid
Shahaswan,badaun,Uttar Pradesh,26.84,80.94,interstate_state_centroid
Shahdara,delhi,Delhi,28.7,77.1,interstate_state_centroid
Shahganj,jaunpur,Uttar Pradesh,26.84,80.94,interstate_state_centroid
Shahjahanpur,shahjahanpur,Uttar Pradesh,26.84,80.94,interstate_state_centroid
Shahkot,jalandhar,Punjab,31.14,75.34,interstate_state_centroid
Shahpur,muzaffarnagar,Uttar Pradesh,26.84,80.94,interstate_state_centroid
Shahpura,dindori,Madhya Pradesh,22.97,78.65,interstate_state_centroid
Shahpura Bhitoni (F&V),jabalpur,Madhya Pradesh,22.97,78.65,interstate_state_centroid
Shahpura(Jabalpur),jabalpur,Madhya Pradesh,22.97,78.65,interstate_state_centroid
Shahzadpur,ambala,Haryana,29.05,76.08,interstate_state_centroid
Shajapur,shajapur,Madhya Pradesh,22.97,78.65,interstate_state_centroid
Shajapur(F&V),shajapur,Madhya Pradesh,22.97,78.65,interstate_state_centroid
Shakti,janjgir,Chhattisgarh,21.27,81.86,interstate_state_centroid
Shamgarh,mandsaur,Madhya Pradesh,22.97,78.65,interstate_state_centroid
Shamgarh(F&V),mandsaur,Madhya Pradesh,22.97,78.65,interstate_state_centroid
Shamli,shamli,Uttar Pradesh,26.84,80.94,interstate_state_centroid
Shamshabad,vidisha,Madhya Pradesh,22.97,78.65,interstate_state_centroid
Shekhpura,sheikhpura,Bihar,25.09,85.31,interstate_state_centroid
Sheohar,sheohar,Bihar,25.09,85.31,interstate_state_centroid
Sheopurbadod,sheopur,Madhya Pradesh,22.97,78.65,interstate_state_centroid
Sheopurkalan,sheopur,Madhya Pradesh,22.97,78.65,interstate_state_centroid
Sheopurkalan(F&V),sheopur,Madhya Pradesh,22.97,78.65,interstate_state_centroid
Sheoraphuly,hooghly,West Bengal,22.98,87.85,interstate_state_centroid
Shevgaon,ahmednagar,Maharashtra,19.75,75.71,interstate_state_centroid
Shevgaon(Bodhegaon),ahmednagar,Maharashtra,19.75,75.71,interstate_state_centroid
Shikohabad,firozabad,Uttar Pradesh,26.84,80.94,interstate_state_centroid
Shillong,east khasi hills,Meghalaya,25.46,91.36,interstate_state_centroid
Shimla,shimla,Himachal Pradesh,31.1,77.17,interstate_state_centroid
Shimla and Kinnaur(Nerwa),shimla,Himachal Pradesh,31.1,77.17,interstate_state_centroid
Shimla and Kinnaur(Rampur),shimla,Himachal Pradesh,31.1,77.17,interstate_state_centroid
Shimoga,shimoga,Karnataka,13.9326093,75.574978,market
Shimogga(Theertahalli),shimoga,Karnataka,14.0556503,75.2380553,district_fallback
Shirpur,dhule,Maharashtra,19.75,75.71,interstate_state_centroid
Shirur,pune,Maharashtra,19.75,75.71,interstate_state_centroid
Shivpuri,shivpuri,Madhya Pradesh,22.97,78.65,interstate_state_centroid
Shivpuri(F&V),shivpuri,Madhya Pradesh,22.97,78.65,interstate_state_centroid
Shivsiddha Govind Producer Company Limited Sanchal,nashik,Maharashtra,19.75,75.71,interstate_state_centroid
Shree Rameshwar Krushi Market,nashik,Maharashtra,19.75,75.71,interstate_state_centroid
Shree Sairaj Krushi Market,ahmednagar,Maharashtra,19.75,75.71,interstate_state_centroid
Shree Salasar Krushi Bazar,parbhani,Maharashtra,19.75,75.71,interstate_state_centroid
Shrigonda,ahmednagar,Maharashtra,19.75,75.71,interstate_state_centroid
Shrigonda(Gogargaon),ahmednagar,Maharashtra,19.75,75.71,interstate_state_centroid
Shrirampur,ahmednagar,Maharashtra,19.75,75.71,interstate_state_centroid
Shrirampur(Belapur),ahmednagar,Maharashtra,19.75,75.71,interstate_state_centroid
Shujalpur,shajapur,Madhya Pradesh,22.97,78.65,interstate_state_centroid
Shujalpur(F&V),shajapur,Madhya Pradesh,22.97,78.65,interstate_state_centroid
Siddhpur,patan,Gujarat,22.25,71.19,interstate_state_centroid
Siddipet(Rythu Bazar),medak,Andhra Pradesh,15.91,79.74,interstate_state_centroid
Sidhi,sidhi,Madhya Pradesh,22.97,78.65,interstate_state_centroid
Sihora,jabalpur,Madhya Pradesh,22.97,78.65,interstate_state_centroid
Sihora(F&V),jabalpur,Madhya Pradesh,22.97,78.65,interstate_state_centroid
Sikanderabad,bulandshahar,Uttar Pradesh,26.84,80.94,interstate_state_centroid
Sikar,sikar,Rajasthan,27.02,74.21,interstate_state_centroid
Sikarpur,bulandshahar,Uttar Pradesh,26.84,80.94,interstate_state_centroid
Siliguri,darjeeling,West Bengal,22.98,87.85,interstate_state_centroid
Silvani,raisen,Madhya Pradesh,22.97,78.65,interstate_state_centroid
Simariya,panna,Madhya Pradesh,22.97,78.65,interstate_state_centroid
Sindagi,bijapur,Karnataka,16.8233102,75.7457674,market
Sindagi(Indi),bijapur,Karnataka,16.8233102,75.7457674,market
Sindi(Selu),wardha,Maharashtra,19.75,75.71,interstate_state_centroid
Singampunari(Uzhavar Sandhai ),sivaganga,Tamil Nadu,11.12,78.65,interstate_state_centroid
Singampuneri,sivaganga,Tamil Nadu,11.12,78.65,interstate_state_centroid
Singanallur(Uzhavar Sandhai ),coimbatore,Tamil Nadu,11.12,78.65,interstate_state_centroid
Sinner,nashik,Maharashtra,19.75,75.71,interstate_state_centroid
Sira,tumkur,Karnataka,13.3625154,77.1033088,market
Sirali,harda,Madhya Pradesh,22.97,78.65,interstate_state_centroid
Sirkali,nagapattinam,Tamil Nadu,11.12,78.65,interstate_state_centroid
Sirkali(Uzhavar Sandhai ),nagapattinam,Tamil Nadu,11.12,78.65,interstate_state_centroid
Sironj,vidisha,Madhya Pradesh,22.97,78.65,interstate_state_centroid
Sirsa,prayagraj,Uttar Pradesh,26.84,80.94,interstate_state_centroid
Sirsa,sirsa,Haryana,29.05,76.08,interstate_state_centroid
Sirsaganj,firozabad,Uttar Pradesh,26.84,80.94,interstate_state_centroid
Sitamau(F&V),mandsaur,Madhya Pradesh,22.97,78.65,interstate_state_centroid
Sitapur,sitapur,Uttar Pradesh,26.84,80.94,interstate_state_centroid
Sitmau,mandsaur,Madhya Pradesh,22.97,78.65,interstate_state_centroid
Sivagangai,ramanathapuram,Tamil Nadu,11.12,78.65,interstate_state_centroid
Sivagangai (Uzhavar Sandhai ),sivaganga,Tamil Nadu,11.12,78.65,interstate_state_centroid
Sivakasi(Uzhavar Sandhai ),virudhunagar,Tamil Nadu,11.12,78.65,interstate_state_centroid
Siwan,kaithal,Haryana,29.05,76.08,interstate_state_centroid
Siyana,bulandshahar,Uttar Pradesh,26.84,80.94,interstate_state_centroid
Sohela,bargarh,Orissa,20.95,85.09,interstate_state_centroid
Sohna,gurgaon,Haryana,29.05,76.08,interstate_state_centroid
Sohra,east khasi hills,Meghalaya,25.46,91.36,interstate_state_centroid
Solan,solan,Himachal Pradesh,31.1,77.17,interstate_state_centroid
Solan(Nalagarh),solan,Himachal Pradesh,31.1,77.17,interstate_state_centroid
Solapur,sholapur,Maharashtra,19.75,75.71,interstate_state_centroid
Sonepat,sonipat,Haryana,29.05,76.08,interstate_state_centroid
Sonepat(Kharkhoda),sonipat,Haryana,29.05,76.08,interstate_state_centroid
Sonkachh(F&V),dewas,Madhya Pradesh,22.97,78.65,interstate_state_centroid
Sonkatch,dewas,Madhya Pradesh,22.97,78.65,interstate_state_centroid
Sonpeth,parbhani,Maharashtra,19.75,75.71,interstate_state_centroid
Sooramangalam(Uzhavar Sandhai ),salem,Tamil Nadu,11.12,78.65,interstate_state_centroid
Soyatkalan,shajapur,Madhya Pradesh,22.97,78.65,interstate_state_centroid
Sri Har Gobindpur(Harechowal),gurdaspur,Punjab,31.14,75.34,interstate_state_centroid
Sri Karanpur,ganganagar,Rajasthan,27.02,74.21,interstate_state_centroid
Sridungargarh,bikaner,Rajasthan,27.02,74.21,interstate_state_centroid
Sriganganagar (F&V),ganganagar,Rajasthan,27.02,74.21,interstate_state_centroid
Sriganganagar (Grain),ganganagar,Rajasthan,27.02,74.21,interstate_state_centroid
Srinivasapur,kolar,Karnataka,13.1805066,78.2669329,district_fallback
Srivilliputhur(Uzhavar Sandhai ),virudhunagar,Tamil Nadu,11.12,78.65,interstate_state_centroid
Sujangarh,churu,Rajasthan,27.02,74.21,interstate_state_centroid
Sultanpur,amethi,Uttar Pradesh,26.84,80.94,interstate_state_centroid
Sultanpur,kapurthala,Punjab,31.14,75.34,interstate_state_centroid
Sulur,coimbatore,Tamil Nadu,11.12,78.65,interstate_state_centroid
Sulur(Uzhavar Sandhai ),coimbatore,Tamil Nadu,11.12,78.65,interstate_state_centroid
Sumerganj,bundi,Rajasthan,27.02,74.21,interstate_state_centroid
Sumerpur,pali,Rajasthan,27.02,74.21,interstate_state_centroid
Sunam,sangrur,Punjab,31.14,75.34,interstate_state_centroid
Sundarapuram(Uzhavar Sandhai ),coimbatore,Tamil Nadu,11.12,78.65,interstate_state_centroid
Sunguvarchatram(Uzhavar Sandhai ),kancheepuram,Tamil Nadu,11.12,78.65,interstate_state_centroid
Suragana,nashik,Maharashtra,19.75,75.71,interstate_state_centroid
Surat,surat,Gujarat,22.25,71.19,interstate_state_centroid
Suratgarh,ganganagar,Rajasthan,27.02,74.21,interstate_state_centroid
Susner,shajapur,Madhya Pradesh,22.97,78.65,interstate_state_centroid
Suthalia,rajgarh,Madhya Pradesh,22.97,78.65,interstate_state_centroid
Suvasra,mandsaur,Madhya Pradesh,22.97,78.65,interstate_state_centroid
Syopurkalan(F&V),sheopur,Madhya Pradesh,22.97,78.65,interstate_state_centroid
T. Narasipura,mysore,Karnataka,12.3039064,76.6925903,market
Taal,ratlam,Madhya Pradesh,22.97,78.65,interstate_state_centroid
Tadkalas,parbhani,Maharashtra,19.75,75.71,interstate_state_centroid
Tajpur,samastipur,Bihar,25.09,85.31,interstate_state_centroid
Takhatpur,bilaspur,Chhattisgarh,21.27,81.86,interstate_state_centroid
Talcher,angul,Orissa,20.95,85.09,interstate_state_centroid
Taleja,bhavnagar,Gujarat,22.25,71.19,interstate_state_centroid
Taliparamba,kannur,Kerala,10.85,76.27,interstate_state_centroid
Talod,sabarkantha,Gujarat,22.25,71.19,interstate_state_centroid
Taloda,nandurbar,Maharashtra,19.75,75.71,interstate_state_centroid
Tamarainagar(Uzhavar Sandhai ),thiruvannamalai,Tamil Nadu,11.12,78.65,interstate_state_centroid
Tamkuhi road,kushinagar,Uttar Pradesh,26.84,80.94,interstate_state_centroid
Tanakpur,champawat,Uttarakhand,30.06,79.01,interstate_state_centroid
Tanda Urmur,hoshiarpur,Punjab,31.14,75.34,interstate_state_centroid
Tanda(Rampur),rampur,Uttar Pradesh,26.84,80.94,interstate_state_centroid
Tarana,ujjain,Madhya Pradesh,22.97,78.65,interstate_state_centroid
Tarapur,anand,Gujarat,22.25,71.19,interstate_state_centroid
Tarikere,chikmagalur,Karnataka,13.7083491,75.812342,market
Tarori,karnal,Haryana,29.05,76.08,interstate_state_centroid
Tasgaon,sangli,Maharashtra,19.75,75.71,interstate_state_centroid
Tauru,mewat,Haryana,29.05,76.08,interstate_state_centroid
Telhara,akola,Maharashtra,19.75,75.71,interstate_state_centroid
Tendukheda,narsinghpur,Madhya Pradesh,22.97,78.65,interstate_state_centroid
Tenning,peren,Nagaland,26.15,94.56,interstate_state_centroid
Thakurganj,kishanganj,Bihar,25.09,85.31,interstate_state_centroid
Thalasserry,kannur,Kerala,10.85,76.27,interstate_state_centroid
Thalavadi,erode,Tamil Nadu,11.12,78.65,interstate_state_centroid
Thalavadi(Uzhavar Sandhai ),erode,Tamil Nadu,11.12,78.65,interstate_state_centroid
Thalavaipuram(Uzhavar Sandhai ),virudhunagar,Tamil Nadu,11.12,78.65,interstate_state_centroid
Thalayolaparambu,kottayam,Kerala,10.85,76.27,interstate_state_centroid
Thammampati,salem,Tamil Nadu,11.12,78.65,interstate_state_centroid
Thammampatti (Uzhavar Sandhai ),salem,Tamil Nadu,11.12,78.65,interstate_state_centroid
Thandla,jhabua,Madhya Pradesh,22.97,78.65,interstate_state_centroid
Thanesar,kurukshetra,Haryana,29.05,76.08,interstate_state_centroid
Thanjavur,thanjavur,Tamil Nadu,11.12,78.65,interstate_state_centroid
Thanjavur(Uzhavar Sandhai ),thanjavur,Tamil Nadu,11.12,78.65,interstate_state_centroid
Thathakapatti(Uzhavar Sandhai ),salem,Tamil Nadu,11.12,78.65,interstate_state_centroid
Theni,theni,Tamil Nadu,11.12,78.65,interstate_state_centroid
Theni(Uzhavar Sandhai ),theni,Tamil Nadu,11.12,78.65,interstate_state_centroid
Thenkasi,thirunelveli,Tamil Nadu,11.12,78.65,interstate_state_centroid
Thirumangalam,madurai,Tamil Nadu,11.12,78.65,interstate_state_centroid
Thirumangalam(Uzhavar Sandhai ),madurai,Tamil Nadu,11.12,78.65,interstate_state_centroid
Thirupathur,vellore,Tamil Nadu,11.12,78.65,interstate_state_centroid
Thirurrangadi,malappuram,Kerala,10.85,76.27,interstate_state_centroid
Thiruvarur,thiruvarur,Tamil Nadu,11.12,78.65,interstate_state_centroid
Thodupuzha,idukki,Kerala,10.85,76.27,interstate_state_centroid
Thoubal,thoubal,Manipur,24.66,93.9,interstate_state_centroid
Thrippunithura,ernakulam,Kerala,10.85,76.27,interstate_state_centroid
Tikamgarh,tikamgarh,Madhya Pradesh,22.97,78.65,interstate_state_centroid
Tilhar,shahjahanpur,Uttar Pradesh,26.84,80.94,interstate_state_centroid
Timarni,harda,Madhya Pradesh,22.97,78.65,interstate_state_centroid
Timarni(F&V),harda,Madhya Pradesh,22.97,78.65,interstate_state_centroid
Tindivanam,villupuram,Tamil Nadu,11.12,78.65,interstate_state_centroid
Tiphra,bilaspur,Chhattisgarh,21.27,81.86,interstate_state_centroid
Tiruchengode,namakkal,Tamil Nadu,11.12,78.65,interstate_state_centroid
Tirupatthur(Uzhavar Sandhai ),sivaganga,Tamil Nadu,11.12,78.65,interstate_state_centroid
Tiruthuraipoondi,thiruvarur,Tamil Nadu,11.12,78.65,interstate_state_centroid
Tiruthuraipoondi(Uzhavar Sandhai ),thiruvarur,Tamil Nadu,11.12,78.65,interstate_state_centroid
Tiruvarur(Uzhavar Sandhai ),thiruvarur,Tamil Nadu,11.12,78.65,interstate_state_centroid
Tiruvuru,krishna,Andhra Pradesh,15.91,79.74,interstate_state_centroid
Tohana,fatehabad,Haryana,29.05,76.08,interstate_state_centroid
Tohana(New Veg Market),fatehabad,Haryana,29.05,76.08,interstate_state_centroid
Tonk,tonk,Rajasthan,27.02,74.21,interstate_state_centroid
Tuensang,tuensang,Nagaland,26.15,94.56,interstate_state_centroid
Tulsipur,balrampur,Uttar Pradesh,26.84,80.94,interstate_state_centroid
Tumkur,tumkur,Karnataka,13.3400771,77.1006208,market
Tumsar,bhandara,Maharashtra,19.75,75.71,interstate_state_centroid
Tundla,firozabad,Uttar Pradesh,26.84,80.94,interstate_state_centroid
Tura,west garo hills,Meghalaya,25.46,91.36,interstate_state_centroid
Uchana,jind,Haryana,29.05,76.08,interstate_state_centroid
Udaipur (F&V),udaipur,Rajasthan,27.02,74.21,interstate_state_centroid
Udaipur (Grain),udaipur,Rajasthan,27.02,74.21,interstate_state_centroid
Udaipura,raisen,Madhya Pradesh,22.97,78.65,interstate_state_centroid
Udhagamandalam(Uzhavar Sandhai ),the nilgiris,Tamil Nadu,11.12,78.65,interstate_state_centroid
Udhampur,udhampur,Jammu & Kashmir,33.77,76.57,interstate_state_centroid
Udumalpet,coimbatore,Tamil Nadu,11.12,78.65,interstate_state_centroid
Udupi,udupi,Karnataka,13.3419169,74.7473232,market
Ujhani,badaun,Uttar Pradesh,26.84,80.94,interstate_state_centroid
Ujjain,ujjain,Madhya Pradesh,22.97,78.65,interstate_state_centroid
Ujjain(F&V),ujjain,Madhya Pradesh,22.97,78.65,interstate_state_centroid
Ulhasnagar,thane,Maharashtra,19.75,75.71,interstate_state_centroid
Uluberia,howrah,West Bengal,22.98,87.85,interstate_state_centroid
Ulundurpettai,villupuram,Tamil Nadu,11.12,78.65,interstate_state_centroid
Umared,nagpur,Maharashtra,19.75,75.71,interstate_state_centroid
Umari,nanded,Maharashtra,19.75,75.71,interstate_state_centroid
Umrane,nashik,Maharashtra,19.75,75.71,interstate_state_centroid
Una,una,Himachal Pradesh,31.1,77.17,interstate_state_centroid
Unhel,ujjain,Madhya Pradesh,22.97,78.65,interstate_state_centroid
Uniyara,tonk,Rajasthan,27.02,74.21,interstate_state_centroid
Unnao,unnao,Uttar Pradesh,26.84,80.94,interstate_state_centroid
Upleta,rajkot,Gujarat,22.25,71.19,interstate_state_centroid
Usilampatty,madurai,Tamil Nadu,11.12,78.65,interstate_state_centroid
Uttaripura,kanpur,Uttar Pradesh,26.84,80.94,interstate_state_centroid
Vadavalli(Uzhavar Sandhai ),coimbatore,Tamil Nadu,11.12,78.65,interstate_state_centroid
Vadgaonpeth,kolhapur,Maharashtra,19.75,75.71,interstate_state_centroid
Vadhvan,surendranagar,Gujarat,22.25,71.19,interstate_state_centroid
Vaduj,satara,Maharashtra,19.75,75.71,interstate_state_centroid
Vadvani,beed,Maharashtra,19.75,75.71,interstate_state_centroid
Vai,satara,Maharashtra,19.75,75.71,interstate_state_centroid
Valangaiman,thiruvarur,Tamil Nadu,11.12,78.65,interstate_state_centroid
Valia,bharuch,Gujarat,22.25,71.19,interstate_state_centroid
Vamanapuram,thiruvananthapuram,Kerala,10.85,76.27,interstate_state_centroid
Vandiperiyar,idukki,Kerala,10.85,76.27,interstate_state_centroid
Vaniyambadi,vellore,Tamil Nadu,11.12,78.65,interstate_state_centroid
Vantamamidi,medak,Andhra Pradesh,15.91,79.74,interstate_state_centroid
Varanasi,varanasi,Uttar Pradesh,26.84,80.94,interstate_state_centroid
Varanasi(F&V),varanasi,Uttar Pradesh,26.84,80.94,interstate_state_centroid
Varaseoni,balaghat,Madhya Pradesh,22.97,78.65,interstate_state_centroid
Varud,amarawati,Maharashtra,19.75,75.71,interstate_state_centroid
Varud(Rajura Bazar),amarawati,Maharashtra,19.75,75.71,interstate_state_centroid
Vasai,thane,Maharashtra,19.75,75.71,interstate_state_centroid
Vashi New Mumbai,mumbai,Maharashtra,19.75,75.71,interstate_state_centroid
Vedasanthur(Uzhavar Sandhai ),dindigul,Tamil Nadu,11.12,78.65,interstate_state_centroid
Velayuthampalayam(Uzhavar Sandhai ),karur,Tamil Nadu,11.12,78.65,interstate_state_centroid
Vellore,vellore,Tamil Nadu,11.12,78.65,interstate_state_centroid
Venkateswarnagar,nalgonda,Andhra Pradesh,15.91,79.74,interstate_state_centroid
Vidisha,vidisha,Madhya Pradesh,22.97,78.65,interstate_state_centroid
Vijaypur,sheopur,Madhya Pradesh,22.97,78.65,interstate_state_centroid
Vilthararoad,ballia,Uttar Pradesh,26.84,80.94,interstate_state_centroid
Virudhunagar,virudhunagar,Tamil Nadu,11.12,78.65,interstate_state_centroid
Virudhunagar(Uzhavar Sandhai ),virudhunagar,Tamil Nadu,11.12,78.65,interstate_state_centroid
Viruthachalam(Uzhavar Sandhai ),cuddalore,Tamil Nadu,11.12,78.65,interstate_state_centroid
Visoli,badaun,Uttar Pradesh,26.84,80.94,interstate_state_centroid
Viswan,sitapur,Uttar Pradesh,26.84,80.94,interstate_state_centroid
Vita,sangli,Maharashtra,19.75,75.71,interstate_state_centroid
Vyra,surat,Gujarat,22.25,71.19,interstate_state_centroid
Waknaghat,solan,Himachal Pradesh,31.1,77.17,interstate_state_centroid
Warangal,warangal,Andhra Pradesh,15.91,79.74,interstate_state_centroid
Wardha,wardha,Maharashtra,19.75,75.71,interstate_state_centroid
Wazirganj,badaun,Uttar Pradesh,26.84,80.94,interstate_state_centroid
Williamnagar,east garo hills,Meghalaya,25.46,91.36,interstate_state_centroid
Wokha Town,wokha,Nagaland,26.15,94.56,interstate_state_centroid
Yamuna Nagar,yamuna nagar,Haryana,29.05,76.08,interstate_state_centroid
Yawal,jalgaon,Maharashtra,19.75,75.71,interstate_state_centroid
Yeola,nashik,Maharashtra,19.75,75.71,interstate_state_centroid
Yusufpur,ghazipur,Uttar Pradesh,26.84,80.94,interstate_state_centroid
Zaheerabad,medak,Andhra Pradesh,15.91,79.74,interstate_state_centroid
Zalod(Sanjeli),dahod,Gujarat,22.25,71.19,interstate_state_centroid
Zunheboto,zunheboto,Nagaland,26.15,94.56,interstate_state_centroid
kalanwali,sirsa,Haryana,29.05,76.08,interstate_state_centroid
